event_id,account_id,learner_id,event_type,occurred_at,variant,goal_id,plan_id,lab_id,assignment_seed
b-e00687,b-acct-084,b-acct-084-l1,learner_invited,2026-09-23T23:22:00Z,treatment,,,,tal-2026-10
b-e00684,b-acct-084,,evaluation_started,2026-09-24T01:50:00Z,treatment,,,,tal-2026-10
b-e00685,b-acct-084,,goal_selected,2026-09-24T02:08:00Z,treatment,goal-cloud-foundations,,,tal-2026-10
b-e00686,b-acct-084,,plan_created,2026-09-24T02:34:00Z,treatment,goal-cloud-foundations,b-acct-084-proof-7d,,tal-2026-10
b-e00761,b-acct-094,,evaluation_started,2026-09-24T04:50:00Z,treatment,,,,tal-2026-10
b-e00762,b-acct-094,,goal_selected,2026-09-24T05:37:00Z,treatment,goal-incident-response,,,tal-2026-10
b-e00647,b-acct-078,,evaluation_started,2026-09-24T06:15:00Z,control,,,,tal-2026-10
b-e00975,b-acct-123,,evaluation_started,2026-09-24T06:21:00Z,treatment,,,,tal-2026-10
b-e00977,b-acct-123,,plan_created,2026-09-24T07:13:00Z,treatment,goal-cloud-foundations,b-acct-123-proof-7d,,tal-2026-10
b-e00976,b-acct-123,,goal_selected,2026-09-24T07:26:00Z,treatment,goal-cloud-foundations,,,tal-2026-10
b-e00246,b-acct-035,,evaluation_started,2026-09-24T07:57:00Z,control,,,,tal-2026-10
b-e00691,b-acct-084,b-acct-084-l3,learner_invited,2026-09-24T08:39:00Z,treatment,,,,tal-2026-10
b-e00763,b-acct-094,,plan_created,2026-09-24T10:32:00Z,treatment,goal-incident-response,b-acct-094-proof-7d,,tal-2026-10
b-e00772,b-acct-094,b-acct-094-l3,learner_invited,2026-09-24T11:06:00Z,treatment,,,,tal-2026-10
b-e00772,b-acct-094,b-acct-094-l3,learner_invited,2026-09-24T11:06:00Z,treatment,,,,tal-2026-10
b-e00394,b-acct-051,,evaluation_started,2026-09-24T11:55:00Z,treatment,,,,tal-2026-10
b-e00690,b-acct-084,b-acct-084-l2,learner_invited,2026-09-24T12:38:00Z,treatment,,,,tal-2026-10
b-e00690,b-acct-084,b-acct-084-l2,learner_invited,2026-09-24T12:38:00Z,treatment,,,,tal-2026-10
b-e00395,b-acct-051,,goal_selected,2026-09-24T12:49:00Z,treatment,goal-soc-onboarding,,,tal-2026-10
b-e00768,b-acct-094,b-acct-094-l2,learner_invited,2026-09-24T14:03:00Z,treatment,,,,tal-2026-10
b-e01130,b-acct-137,,evaluation_started,2026-09-24T14:55:00Z,treatment,,,,tal-2026-10
b-e01131,b-acct-137,,goal_selected,2026-09-24T15:36:00Z,treatment,goal-incident-response,,,tal-2026-10
b-e00764,b-acct-094,b-acct-094-l1,learner_invited,2026-09-24T15:45:00Z,treatment,,,,tal-2026-10
b-e00764,b-acct-094,b-acct-094-l1,learner_invited,2026-09-24T15:45:00Z,treatment,,,,tal-2026-10
b-e01076,b-acct-132,,evaluation_started,2026-09-24T15:46:00Z,treatment,,,,tal-2026-10
b-e00167,b-acct-025,,evaluation_started,2026-09-24T15:52:00Z,control,,,,tal-2026-10
b-e01077,b-acct-132,,goal_selected,2026-09-24T16:32:00Z,treatment,goal-incident-response,,,tal-2026-10
b-e01111,b-acct-135,,evaluation_started,2026-09-24T17:41:00Z,treatment,,,,tal-2026-10
b-e00887,b-acct-113,,evaluation_started,2026-09-24T17:45:00Z,treatment,,,,tal-2026-10
b-e00887,b-acct-113,,evaluation_started,2026-09-24T17:45:00Z,treatment,,,,tal-2026-10
b-e01078,b-acct-132,,plan_created,2026-09-24T17:48:00Z,treatment,goal-incident-response,b-acct-132-proof-7d,,tal-2026-10
b-e00776,b-acct-094,b-acct-094-l4,learner_invited,2026-09-24T17:53:00Z,treatment,,,,tal-2026-10
b-e00888,b-acct-113,,goal_selected,2026-09-24T18:19:00Z,treatment,goal-soc-onboarding,,,tal-2026-10
b-e00891,b-acct-113,b-acct-113-l2,learner_invited,2026-09-24T18:19:00Z,treatment,,,,tal-2026-10
b-e00891,b-acct-113,b-acct-113-l2,learner_invited,2026-09-24T18:19:00Z,treatment,,,,tal-2026-10
b-e01112,b-acct-135,,goal_selected,2026-09-24T18:37:00Z,treatment,goal-soc-onboarding,,,tal-2026-10
b-e00692,b-acct-084,b-acct-084-l4,learner_invited,2026-09-24T18:55:00Z,treatment,,,,tal-2026-10
b-e00889,b-acct-113,,plan_created,2026-09-24T19:29:00Z,treatment,goal-soc-onboarding,b-acct-113-proof-7d,,tal-2026-10
b-e00056,b-acct-009,,evaluation_started,2026-09-24T19:59:00Z,treatment,,,,tal-2026-10
b-e00168,b-acct-025,b-acct-025-l1,learner_invited,2026-09-24T20:19:00Z,control,,,,tal-2026-10
b-e00781,b-acct-096,,evaluation_started,2026-09-24T20:39:00Z,treatment,,,,tal-2026-10
b-e00057,b-acct-009,,goal_selected,2026-09-24T20:47:00Z,treatment,goal-cloud-foundations,,,tal-2026-10
b-e00978,b-acct-123,b-acct-123-l1,learner_invited,2026-09-24T21:04:00Z,treatment,,,,tal-2026-10
b-e00979,b-acct-123,b-acct-123-l2,learner_invited,2026-09-24T21:05:00Z,treatment,,,,tal-2026-10
b-e00688,b-acct-084,b-acct-084-l1,invite_accepted,2026-09-24T21:24:00Z,treatment,,,,tal-2026-10
b-e00060,b-acct-009,b-acct-009-l2,learner_invited,2026-09-24T21:53:00Z,treatment,,,,tal-2026-10
b-e01086,b-acct-132,b-acct-132-l5,learner_invited,2026-09-24T23:19:00Z,treatment,,,,tal-2026-10
b-e00169,b-acct-025,b-acct-025-l2,learner_invited,2026-09-24T23:38:00Z,control,,,,tal-2026-10
b-e01113,b-acct-135,b-acct-135-l1,learner_invited,2026-09-24T23:46:00Z,treatment,,,,tal-2026-10
b-e01085,b-acct-132,b-acct-132-l4,learner_invited,2026-09-25T00:17:00Z,treatment,,,,tal-2026-10
b-e00058,b-acct-009,,plan_created,2026-09-25T00:33:00Z,treatment,goal-cloud-foundations,b-acct-009-proof-7d,,tal-2026-10
b-e00058,b-acct-009,,plan_created,2026-09-25T00:33:00Z,treatment,goal-cloud-foundations,b-acct-009-proof-7d,,tal-2026-10
b-e00980,b-acct-123,b-acct-123-l2,invite_accepted,2026-09-25T01:14:00Z,treatment,,,,tal-2026-10
b-e00538,b-acct-066,,evaluation_started,2026-09-25T01:42:00Z,treatment,,,,tal-2026-10
b-e00955,b-acct-121,,evaluation_started,2026-09-25T02:58:00Z,treatment,,,,tal-2026-10
b-e00028,b-acct-006,b-acct-006-l1,learner_invited,2026-09-25T03:32:00Z,treatment,,,,tal-2026-10
b-e00063,b-acct-009,b-acct-009-l3,learner_invited,2026-09-25T03:49:00Z,treatment,,,,tal-2026-10
b-e00956,b-acct-121,,goal_selected,2026-09-25T03:54:00Z,treatment,goal-incident-response,,,tal-2026-10
b-e00059,b-acct-009,b-acct-009-l1,learner_invited,2026-09-25T04:05:00Z,treatment,,,,tal-2026-10
b-e00942,b-acct-119,,evaluation_started,2026-09-25T04:15:00Z,control,,,,tal-2026-10
b-e01079,b-acct-132,b-acct-132-l1,learner_invited,2026-09-25T04:17:00Z,treatment,,,,tal-2026-10
b-e00025,b-acct-006,,evaluation_started,2026-09-25T04:26:00Z,treatment,,,,tal-2026-10
b-e01121,b-acct-135,b-acct-135-l4,learner_invited,2026-09-25T04:46:00Z,treatment,,,,tal-2026-10
b-e01141,b-acct-138,b-acct-138-l1,learner_invited,2026-09-30T12:29:00Z,treatment,,,,tal-2026-10
b-e00890,b-acct-113,b-acct-113-l1,learner_invited,2026-09-25T05:28:00Z,treatment,,,,tal-2026-10
b-e00027,b-acct-006,,plan_created,2026-09-25T05:55:00Z,treatment,goal-incident-response,b-acct-006-proof-7d,,tal-2026-10
b-e00030,b-acct-006,b-acct-006-l2,learner_invited,2026-09-25T06:23:00Z,treatment,,,,tal-2026-10
b-e00594,b-acct-071,,plan_created,2026-09-30T21:55:00Z,treatment,goal-soc-onboarding,b-acct-071-proof-7d,,tal-2026-10
b-e00957,b-acct-121,,plan_created,2026-09-25T07:35:00Z,treatment,goal-incident-response,b-acct-121-proof-7d,,tal-2026-10
b-e00847,b-acct-106,,evaluation_started,2026-09-25T07:50:00Z,control,,,,tal-2026-10
b-e00765,b-acct-094,b-acct-094-l1,invite_accepted,2026-09-25T08:06:00Z,treatment,,,,tal-2026-10
b-e00765,b-acct-094,b-acct-094-l1,invite_accepted,2026-09-25T08:06:00Z,treatment,,,,tal-2026-10
b-e00769,b-acct-094,b-acct-094-l2,invite_accepted,2026-09-25T09:36:00Z,treatment,,,,tal-2026-10
b-e00209,b-acct-031,,evaluation_started,2026-09-25T10:17:00Z,control,,,,tal-2026-10
b-e00409,b-acct-052,b-acct-052-l3,learner_invited,2026-09-27T13:13:00Z,treatment,,,,tal-2026-10
b-e00969,b-acct-121,b-acct-121-l5,learner_invited,2026-09-25T10:20:00Z,treatment,,,,tal-2026-10
b-e00072,b-acct-013,,evaluation_started,2026-09-25T10:45:00Z,treatment,,,,tal-2026-10
b-e00777,b-acct-094,b-acct-094-l4,invite_accepted,2026-09-25T11:32:00Z,treatment,,,,tal-2026-10
b-e01084,b-acct-132,b-acct-132-l3,learner_invited,2026-09-25T11:38:00Z,treatment,,,,tal-2026-10
b-e00821,b-acct-102,,evaluation_started,2026-09-25T11:46:00Z,treatment,,,,tal-2026-10
b-e00822,b-acct-102,,goal_selected,2026-09-25T12:03:00Z,treatment,goal-soc-onboarding,,,tal-2026-10
b-e00170,b-acct-025,b-acct-025-l2,invite_accepted,2026-09-25T12:04:00Z,control,,,,tal-2026-10
b-e00970,b-acct-121,b-acct-121-l5,invite_accepted,2026-09-25T12:37:00Z,treatment,,,,tal-2026-10
b-e00061,b-acct-009,b-acct-009-l2,invite_accepted,2026-09-25T13:45:00Z,treatment,,,,tal-2026-10
b-e01081,b-acct-132,b-acct-132-l2,learner_invited,2026-09-25T13:51:00Z,treatment,,,,tal-2026-10
b-e00895,b-acct-113,b-acct-113-l3,learner_invited,2026-09-25T13:52:00Z,treatment,,,,tal-2026-10
b-e00073,b-acct-013,,plan_created,2026-09-25T14:42:00Z,treatment,,b-acct-013-generic,,tal-2026-10
b-e00470,b-acct-059,,evaluation_started,2026-09-25T15:01:00Z,control,,,,tal-2026-10
b-e00981,b-acct-123,b-acct-123-l2,lab_started,2026-09-25T15:46:00Z,treatment,,,lab-synthetic-2,tal-2026-10
b-e00981,b-acct-123,b-acct-123-l2,lab_started,2026-09-25T15:46:00Z,treatment,,,lab-synthetic-2,tal-2026-10
b-e00439,b-acct-056,,evaluation_started,2026-09-25T16:32:00Z,treatment,,,,tal-2026-10
b-e00033,b-acct-006,b-acct-006-l3,learner_invited,2026-09-25T16:43:00Z,treatment,,,,tal-2026-10
b-e00773,b-acct-094,b-acct-094-l3,invite_accepted,2026-09-25T17:27:00Z,treatment,,,,tal-2026-10
b-e00823,b-acct-102,,plan_created,2026-09-25T18:03:00Z,treatment,goal-soc-onboarding,b-acct-102-proof-7d,,tal-2026-10
b-e00288,b-acct-040,,evaluation_started,2026-09-25T18:35:00Z,treatment,,,,tal-2026-10
b-e00445,b-acct-056,b-acct-056-l4,learner_invited,2026-09-25T18:41:00Z,treatment,,,,tal-2026-10
b-e00078,b-acct-013,b-acct-013-l3,learner_invited,2026-09-25T18:53:00Z,treatment,,,,tal-2026-10
b-e00892,b-acct-113,b-acct-113-l2,invite_accepted,2026-09-25T19:47:00Z,treatment,,,,tal-2026-10
b-e01080,b-acct-132,b-acct-132-l1,learner_opted_out,2026-09-25T20:04:00Z,treatment,,,,tal-2026-10
b-e00440,b-acct-056,,plan_created,2026-09-25T20:29:00Z,treatment,,b-acct-056-generic,,tal-2026-10
b-e00035,b-acct-006,b-acct-006-l4,learner_invited,2026-09-25T21:22:00Z,treatment,,,,tal-2026-10
b-e01117,b-acct-135,b-acct-135-l3,learner_invited,2026-09-25T22:10:00Z,treatment,,,,tal-2026-10
b-e00963,b-acct-121,b-acct-121-l3,learner_invited,2026-09-25T22:27:00Z,treatment,,,,tal-2026-10
b-e00961,b-acct-121,b-acct-121-l2,learner_invited,2026-09-25T22:42:00Z,treatment,,,,tal-2026-10
b-e00074,b-acct-013,b-acct-013-l1,learner_invited,2026-09-25T23:15:00Z,treatment,,,,tal-2026-10
b-e00193,b-acct-029,,evaluation_started,2026-09-25T23:24:00Z,control,,,,tal-2026-10
b-e00965,b-acct-121,b-acct-121-l4,learner_invited,2026-09-25T23:36:00Z,treatment,,,,tal-2026-10
b-e00836,b-acct-104,,evaluation_started,2026-09-25T23:48:00Z,treatment,,,,tal-2026-10
b-e00289,b-acct-040,b-acct-040-l1,learner_invited,2026-09-26T00:31:00Z,treatment,,,,tal-2026-10
b-e00289,b-acct-040,b-acct-040-l1,learner_invited,2026-09-26T00:31:00Z,treatment,,,,tal-2026-10
b-e01105,b-acct-134,b-acct-134-l1,lab_started,2026-09-30T19:20:00Z,treatment,,,lab-synthetic-5,tal-2026-10
b-e00879,b-acct-111,,plan_created,2026-09-27T11:38:00Z,treatment,goal-soc-onboarding,b-acct-111-proof-7d,,tal-2026-10
b-e01115,b-acct-135,b-acct-135-l2,learner_invited,2026-09-26T02:03:00Z,treatment,,,,tal-2026-10
b-e00909,b-acct-116,,goal_selected,2026-09-27T21:52:00Z,treatment,goal-cloud-foundations,,,tal-2026-10
b-e00827,b-acct-102,b-acct-102-l2,learner_invited,2026-09-26T02:41:00Z,treatment,,,,tal-2026-10
b-e00099,b-acct-016,,evaluation_started,2026-09-26T02:44:00Z,treatment,,,,tal-2026-10
b-e00290,b-acct-040,b-acct-040-l2,learner_invited,2026-09-26T02:57:00Z,treatment,,,,tal-2026-10
b-e00946,b-acct-119,b-acct-119-l2,learner_invited,2026-09-26T03:03:00Z,control,,,,tal-2026-10
b-e01132,b-acct-137,b-acct-137-l1,learner_invited,2026-09-26T03:14:00Z,treatment,,,,tal-2026-10
b-e00157,b-acct-024,,evaluation_started,2026-09-26T03:45:00Z,treatment,,,,tal-2026-10
b-e00441,b-acct-056,b-acct-056-l1,learner_invited,2026-09-26T03:45:00Z,treatment,,,,tal-2026-10
b-e00824,b-acct-102,b-acct-102-l1,learner_invited,2026-09-26T03:48:00Z,treatment,,,,tal-2026-10
b-e00158,b-acct-024,,goal_selected,2026-09-26T04:20:00Z,treatment,goal-web-app-testing,,,tal-2026-10
b-e00076,b-acct-013,b-acct-013-l2,learner_invited,2026-09-26T04:39:00Z,treatment,,,,tal-2026-10
b-e00971,b-acct-121,b-acct-121-l5,lab_started,2026-09-26T04:40:00Z,treatment,,,lab-synthetic-1,tal-2026-10
b-e00943,b-acct-119,,plan_created,2026-09-26T04:58:00Z,control,,b-acct-119-generic,,tal-2026-10
b-e00871,b-acct-109,b-acct-109-l2,learner_invited,2026-09-28T17:36:00Z,treatment,,,,tal-2026-10
b-e00444,b-acct-056,b-acct-056-l3,learner_invited,2026-09-26T05:44:00Z,treatment,,,,tal-2026-10
b-e00249,b-acct-035,b-acct-035-l2,learner_invited,2026-09-26T06:14:00Z,control,,,,tal-2026-10
b-e00959,b-acct-121,b-acct-121-l1,invite_accepted,2026-09-26T06:32:00Z,treatment,,,,tal-2026-10
b-e00396,b-acct-051,b-acct-051-l1,learner_invited,2026-09-26T06:54:00Z,treatment,,,,tal-2026-10
b-e00893,b-acct-113,b-acct-113-l2,lab_started,2026-09-26T07:31:00Z,treatment,,,lab-synthetic-6,tal-2026-10
b-e00605,b-acct-073,,evaluation_started,2026-09-26T07:34:00Z,treatment,,,,tal-2026-10
b-e00397,b-acct-051,b-acct-051-l2,learner_invited,2026-09-26T07:51:00Z,treatment,,,,tal-2026-10
b-e01133,b-acct-137,b-acct-137-l1,invite_accepted,2026-09-26T08:01:00Z,treatment,,,,tal-2026-10
b-e00606,b-acct-073,,goal_selected,2026-09-26T08:14:00Z,treatment,goal-soc-onboarding,,,tal-2026-10
b-e00689,b-acct-084,b-acct-084-l1,lab_started,2026-09-26T09:11:00Z,treatment,,,lab-synthetic-4,tal-2026-10
b-e00693,b-acct-084,b-acct-084-l4,invite_accepted,2026-09-26T09:24:00Z,treatment,,,,tal-2026-10
b-e00159,b-acct-024,,plan_created,2026-09-26T10:02:00Z,treatment,goal-web-app-testing,b-acct-024-proof-7d,,tal-2026-10
b-e00607,b-acct-073,,plan_created,2026-09-26T10:12:00Z,treatment,goal-soc-onboarding,b-acct-073-proof-7d,,tal-2026-10
b-e01135,b-acct-137,b-acct-137-l2,learner_invited,2026-09-26T10:23:00Z,treatment,,,,tal-2026-10
b-e01123,b-acct-135,b-acct-135-l4,lab_started,2026-09-26T10:52:00Z,treatment,,,lab-synthetic-6,tal-2026-10
b-e00250,b-acct-035,b-acct-035-l2,invite_accepted,2026-09-26T11:52:00Z,control,,,,tal-2026-10
b-e00778,b-acct-094,b-acct-094-l4,lab_started,2026-09-26T11:53:00Z,treatment,,,lab-synthetic-4,tal-2026-10
b-e00031,b-acct-006,b-acct-006-l2,invite_accepted,2026-09-26T12:50:00Z,treatment,,,,tal-2026-10
b-e00774,b-acct-094,b-acct-094-l3,lab_started,2026-09-26T13:25:00Z,treatment,,,lab-synthetic-5,tal-2026-10
b-e01114,b-acct-135,b-acct-135-l1,invite_accepted,2026-09-26T13:31:00Z,treatment,,,,tal-2026-10
b-e00608,b-acct-073,b-acct-073-l1,learner_invited,2026-09-26T13:56:00Z,treatment,,,,tal-2026-10
b-e00770,b-acct-094,b-acct-094-l2,lab_started,2026-09-26T13:59:00Z,treatment,,,lab-synthetic-2,tal-2026-10
b-e00034,b-acct-006,b-acct-006-l3,learner_opted_out,2026-09-26T14:14:00Z,treatment,,,,tal-2026-10
b-e00443,b-acct-056,b-acct-056-l2,learner_invited,2026-09-26T14:37:00Z,treatment,,,,tal-2026-10
b-e00218,b-acct-031,b-acct-031-l4,learner_invited,2026-09-26T14:43:00Z,control,,,,tal-2026-10
b-e00782,b-acct-097,,evaluation_started,2026-09-26T15:04:00Z,treatment,,,,tal-2026-10
b-e00163,b-acct-024,b-acct-024-l2,learner_invited,2026-09-26T15:05:00Z,treatment,,,,tal-2026-10
b-e00163,b-acct-024,b-acct-024-l2,learner_invited,2026-09-26T15:05:00Z,treatment,,,,tal-2026-10
b-e01082,b-acct-132,b-acct-132-l2,invite_accepted,2026-09-26T15:06:00Z,treatment,,,,tal-2026-10
b-e00103,b-acct-016,b-acct-016-l2,learner_invited,2026-09-26T15:45:00Z,treatment,,,,tal-2026-10
b-e00771,b-acct-094,b-acct-094-l2,meaningful_lab_completed,2026-09-26T15:46:00Z,treatment,,,lab-synthetic-2,tal-2026-10
b-e00771,b-acct-094,b-acct-094-l2,meaningful_lab_completed,2026-09-26T15:46:00Z,treatment,,,lab-synthetic-2,tal-2026-10
b-e00962,b-acct-121,b-acct-121-l2,invite_accepted,2026-09-26T15:48:00Z,treatment,,,,tal-2026-10
b-e00783,b-acct-097,,goal_selected,2026-09-26T16:06:00Z,treatment,goal-incident-response,,,tal-2026-10
b-e00100,b-acct-016,,plan_created,2026-09-26T16:36:00Z,treatment,,b-acct-016-generic,,tal-2026-10
b-e01088,b-acct-132,b-acct-132-l5,lab_started,2026-09-26T16:50:00Z,treatment,,,lab-synthetic-6,tal-2026-10
b-e00210,b-acct-031,,plan_created,2026-09-26T16:53:00Z,control,,b-acct-031-generic,,tal-2026-10
b-e00210,b-acct-031,,plan_created,2026-09-26T16:53:00Z,control,,b-acct-031-generic,,tal-2026-10
b-e00425,b-acct-055,,evaluation_started,2026-09-26T17:10:00Z,treatment,,,,tal-2026-10
b-e00966,b-acct-121,b-acct-121-l4,invite_accepted,2026-09-26T17:20:00Z,treatment,,,,tal-2026-10
b-e00966,b-acct-121,b-acct-121-l4,invite_accepted,2026-09-26T17:20:00Z,treatment,,,,tal-2026-10
b-e00215,b-acct-031,b-acct-031-l3,learner_invited,2026-09-26T17:22:00Z,control,,,,tal-2026-10
b-e00426,b-acct-055,,goal_selected,2026-09-26T17:26:00Z,treatment,goal-cloud-foundations,,,tal-2026-10
b-e00075,b-acct-013,b-acct-013-l1,invite_accepted,2026-09-26T17:39:00Z,treatment,,,,tal-2026-10
b-e00160,b-acct-024,b-acct-024-l1,learner_invited,2026-09-26T17:42:00Z,treatment,,,,tal-2026-10
b-e00333,b-acct-044,b-acct-044-l3,invite_accepted,2026-10-02T14:21:00Z,control,,,,tal-2026-10
b-e00211,b-acct-031,b-acct-031-l1,learner_invited,2026-09-26T18:31:00Z,control,,,,tal-2026-10
b-e00043,b-acct-007,b-acct-007-l1,invite_accepted,2026-09-27T23:03:00Z,treatment,,,,tal-2026-10
b-e00766,b-acct-094,b-acct-094-l1,lab_started,2026-09-26T19:00:00Z,treatment,,,lab-synthetic-1,tal-2026-10
b-e00944,b-acct-119,b-acct-119-l1,learner_invited,2026-09-26T19:10:00Z,control,,,,tal-2026-10
b-e00292,b-acct-041,,evaluation_started,2026-09-26T19:16:00Z,treatment,,,,tal-2026-10
b-e00828,b-acct-102,b-acct-102-l2,invite_accepted,2026-09-26T19:20:00Z,treatment,,,,tal-2026-10
b-e00427,b-acct-055,,plan_created,2026-09-26T19:31:00Z,treatment,goal-cloud-foundations,b-acct-055-proof-7d,,tal-2026-10
b-e00213,b-acct-031,b-acct-031-l2,learner_invited,2026-09-26T19:41:00Z,control,,,,tal-2026-10
b-e01134,b-acct-137,b-acct-137-l1,lab_started,2026-09-26T19:48:00Z,treatment,,,lab-synthetic-2,tal-2026-10
b-e00293,b-acct-041,,goal_selected,2026-09-26T20:09:00Z,treatment,goal-web-app-testing,,,tal-2026-10
b-e00252,b-acct-035,b-acct-035-l2,meaningful_lab_completed,2026-09-30T00:21:00Z,control,,,lab-synthetic-2,tal-2026-10
b-e00964,b-acct-121,b-acct-121-l3,learner_opted_out,2026-09-26T20:19:00Z,treatment,,,,tal-2026-10
b-e00291,b-acct-040,b-acct-040-l2,invite_accepted,2026-09-26T20:51:00Z,treatment,,,,tal-2026-10
b-e00284,b-acct-039,b-acct-039-l3,learner_invited,2026-09-28T00:00:00Z,treatment,,,,tal-2026-10
b-e00122,b-acct-018,,goal_selected,2026-09-26T20:54:00Z,treatment,goal-web-app-testing,,,tal-2026-10
b-e00197,b-acct-029,b-acct-029-l3,learner_invited,2026-09-26T21:00:00Z,control,,,,tal-2026-10
b-e01068,b-acct-131,b-acct-131-l1,invite_accepted,2026-09-30T12:26:00Z,treatment,,,,tal-2026-10
b-e00398,b-acct-052,,evaluation_started,2026-09-26T21:35:00Z,treatment,,,,tal-2026-10
b-e00399,b-acct-052,,goal_selected,2026-09-26T21:42:00Z,treatment,goal-incident-response,,,tal-2026-10
b-e00194,b-acct-029,,plan_created,2026-09-26T22:12:00Z,control,,b-acct-029-generic,,tal-2026-10
b-e00431,b-acct-055,b-acct-055-l2,learner_invited,2026-09-26T22:21:00Z,treatment,,,,tal-2026-10
b-e01136,b-acct-137,b-acct-137-l2,invite_accepted,2026-09-26T22:48:00Z,treatment,,,,tal-2026-10
b-e00123,b-acct-018,,plan_created,2026-09-26T22:50:00Z,treatment,goal-web-app-testing,b-acct-018-proof-7d,,tal-2026-10
b-e00039,b-acct-007,,evaluation_started,2026-09-26T22:51:00Z,treatment,,,,tal-2026-10
b-e00368,b-acct-049,,evaluation_started,2026-09-26T23:00:00Z,treatment,,,,tal-2026-10
b-e00442,b-acct-056,b-acct-056-l1,invite_accepted,2026-09-27T03:26:00Z,treatment,,,,tal-2026-10
b-e00400,b-acct-052,,plan_created,2026-09-27T00:14:00Z,treatment,goal-incident-response,b-acct-052-proof-7d,,tal-2026-10
b-e00214,b-acct-031,b-acct-031-l2,invite_accepted,2026-09-26T23:33:00Z,control,,,,tal-2026-10
b-e00609,b-acct-073,b-acct-073-l2,learner_invited,2026-09-26T23:48:00Z,treatment,,,,tal-2026-10
b-e00300,b-acct-041,b-acct-041-l4,learner_invited,2026-09-26T23:51:00Z,treatment,,,,tal-2026-10
b-e00779,b-acct-094,b-acct-094-l4,meaningful_lab_completed,2026-09-26T23:52:00Z,treatment,,,lab-synthetic-4,tal-2026-10
b-e01033,b-acct-128,b-acct-128-l2,learner_invited,2026-09-27T22:00:00Z,treatment,,,,tal-2026-10
b-e00400,b-acct-052,,plan_created,2026-09-27T00:14:00Z,treatment,goal-incident-response,b-acct-052-proof-7d,,tal-2026-10
b-e01237,b-acct-150,b-acct-150-l2,invite_accepted,2026-10-01T17:08:00Z,control,,,,tal-2026-10
b-e00294,b-acct-041,,plan_created,2026-09-27T00:47:00Z,treatment,goal-web-app-testing,b-acct-041-proof-7d,,tal-2026-10
b-e00294,b-acct-041,,plan_created,2026-09-27T00:47:00Z,treatment,goal-web-app-testing,b-acct-041-proof-7d,,tal-2026-10
b-e00458,b-acct-058,,evaluation_started,2026-09-27T01:10:00Z,treatment,,,,tal-2026-10
b-e00562,b-acct-068,b-acct-068-l1,learner_invited,2026-09-30T07:35:00Z,treatment,,,,tal-2026-10
b-e00922,b-acct-118,,evaluation_started,2026-09-27T01:33:00Z,treatment,,,,tal-2026-10
b-e00370,b-acct-049,,plan_created,2026-09-27T01:43:00Z,treatment,goal-web-app-testing,b-acct-049-proof-7d,,tal-2026-10
b-e01210,b-acct-147,,evaluation_started,2026-09-28T08:09:00Z,treatment,,,,tal-2026-10
b-e01186,b-acct-144,,evaluation_started,2026-09-27T01:51:00Z,treatment,,,,tal-2026-10
b-e01186,b-acct-144,,evaluation_started,2026-09-27T01:51:00Z,treatment,,,,tal-2026-10
b-e00279,b-acct-039,,goal_selected,2026-09-27T02:07:00Z,treatment,goal-cloud-foundations,,,tal-2026-10
b-e00934,b-acct-118,b-acct-118-l3,lab_started,2026-09-30T00:38:00Z,treatment,,,lab-synthetic-1,tal-2026-10
b-e00251,b-acct-035,b-acct-035-l2,lab_started,2026-09-27T02:14:00Z,control,,,lab-synthetic-2,tal-2026-10
b-e00923,b-acct-118,,goal_selected,2026-09-27T02:33:00Z,treatment,goal-incident-response,,,tal-2026-10
b-e01187,b-acct-144,,goal_selected,2026-09-27T02:46:00Z,treatment,goal-cloud-foundations,,,tal-2026-10
b-e00040,b-acct-007,,goal_selected,2026-09-26T23:07:00Z,treatment,goal-incident-response,,,tal-2026-10
b-e00442,b-acct-056,b-acct-056-l1,invite_accepted,2026-09-27T03:26:00Z,treatment,,,,tal-2026-10
b-e00471,b-acct-060,,evaluation_started,2026-09-27T03:57:00Z,treatment,,,,tal-2026-10
b-e00128,b-acct-018,b-acct-018-l4,learner_invited,2026-09-27T04:02:00Z,treatment,,,,tal-2026-10
b-e00920,b-acct-116,b-acct-116-l4,invite_accepted,2026-09-28T05:35:00Z,treatment,,,,tal-2026-10
b-e01008,b-acct-127,,evaluation_started,2026-09-27T04:05:00Z,treatment,,,,tal-2026-10
b-e00164,b-acct-024,b-acct-024-l2,invite_accepted,2026-09-27T04:31:00Z,treatment,,,,tal-2026-10
b-e00460,b-acct-058,,plan_created,2026-09-27T04:31:00Z,treatment,goal-cloud-foundations,b-acct-058-proof-7d,,tal-2026-10
b-e00460,b-acct-058,,plan_created,2026-09-27T04:31:00Z,treatment,goal-cloud-foundations,b-acct-058-proof-7d,,tal-2026-10
b-e00460,b-acct-058,,plan_created,2026-09-27T04:31:00Z,treatment,goal-cloud-foundations,b-acct-058-proof-7d,,tal-2026-10
b-e00280,b-acct-039,,plan_created,2026-09-27T04:37:00Z,treatment,goal-cloud-foundations,b-acct-039-proof-7d,,tal-2026-10
b-e00124,b-acct-018,b-acct-018-l1,learner_invited,2026-09-27T04:38:00Z,treatment,,,,tal-2026-10
b-e01009,b-acct-127,,goal_selected,2026-09-27T04:42:00Z,treatment,goal-incident-response,,,tal-2026-10
b-e00459,b-acct-058,,goal_selected,2026-09-27T02:12:00Z,treatment,goal-cloud-foundations,,,tal-2026-10
b-e00298,b-acct-041,b-acct-041-l3,learner_invited,2026-09-27T04:47:00Z,treatment,,,,tal-2026-10
b-e00298,b-acct-041,b-acct-041-l3,learner_invited,2026-09-27T04:47:00Z,treatment,,,,tal-2026-10
b-e00414,b-acct-052,b-acct-052-l4,invite_accepted,2026-09-27T04:48:00Z,treatment,,,,tal-2026-10
b-e01090,b-acct-133,,evaluation_started,2026-09-27T04:50:00Z,control,,,,tal-2026-10
b-e00184,b-acct-028,,evaluation_started,2026-09-27T04:54:00Z,treatment,,,,tal-2026-10
b-e00614,b-acct-073,b-acct-073-l4,learner_invited,2026-09-27T04:58:00Z,treatment,,,,tal-2026-10
b-e00472,b-acct-060,,goal_selected,2026-09-27T04:59:00Z,treatment,goal-cloud-foundations,,,tal-2026-10
b-e00812,b-acct-101,b-acct-101-l1,invite_accepted,2026-10-01T21:24:00Z,treatment,,,,tal-2026-10
b-e01188,b-acct-144,,plan_created,2026-09-27T05:42:00Z,treatment,goal-cloud-foundations,b-acct-144-proof-7d,,tal-2026-10
b-e00924,b-acct-118,,plan_created,2026-09-27T05:55:00Z,treatment,goal-incident-response,b-acct-118-proof-7d,,tal-2026-10
b-e00463,b-acct-058,b-acct-058-l2,learner_invited,2026-09-27T06:12:00Z,treatment,,,,tal-2026-10
b-e00611,b-acct-073,b-acct-073-l3,learner_invited,2026-09-27T06:14:00Z,treatment,,,,tal-2026-10
b-e00101,b-acct-016,b-acct-016-l1,learner_invited,2026-09-27T06:22:00Z,treatment,,,,tal-2026-10
b-e00046,b-acct-007,b-acct-007-l2,learner_invited,2026-09-27T06:31:00Z,treatment,,,,tal-2026-10
b-e00165,b-acct-024,b-acct-024-l2,lab_started,2026-09-27T06:51:00Z,treatment,,,lab-synthetic-2,tal-2026-10
b-e00466,b-acct-058,b-acct-058-l3,learner_invited,2026-09-27T06:54:00Z,treatment,,,,tal-2026-10
b-e00466,b-acct-058,b-acct-058-l3,learner_invited,2026-09-27T06:54:00Z,treatment,,,,tal-2026-10
b-e00466,b-acct-058,b-acct-058-l3,learner_invited,2026-09-27T06:54:00Z,treatment,,,,tal-2026-10
b-e00283,b-acct-039,b-acct-039-l2,learner_invited,2026-09-27T06:57:00Z,treatment,,,,tal-2026-10
b-e00401,b-acct-052,b-acct-052-l1,learner_invited,2026-09-27T07:12:00Z,treatment,,,,tal-2026-10
b-e00473,b-acct-060,,plan_created,2026-09-27T07:12:00Z,treatment,goal-cloud-foundations,b-acct-060-proof-7d,,tal-2026-10
b-e00150,b-acct-023,,plan_created,2026-09-30T22:12:00Z,control,,b-acct-023-generic,,tal-2026-10
b-e01189,b-acct-144,b-acct-144-l1,learner_invited,2026-09-27T07:33:00Z,treatment,,,,tal-2026-10
b-e00130,b-acct-019,,evaluation_started,2026-09-27T07:37:00Z,control,,,,tal-2026-10
b-e01026,b-acct-128,,evaluation_started,2026-09-27T07:38:00Z,treatment,,,,tal-2026-10
b-e01083,b-acct-132,b-acct-132-l2,lab_started,2026-09-27T07:39:00Z,treatment,,,lab-synthetic-2,tal-2026-10
b-e01027,b-acct-128,,goal_selected,2026-09-27T07:49:00Z,treatment,goal-incident-response,,,tal-2026-10
b-e00142,b-acct-022,,evaluation_started,2026-09-27T07:57:00Z,treatment,,,,tal-2026-10
b-e00945,b-acct-119,b-acct-119-l1,invite_accepted,2026-09-27T08:05:00Z,control,,,,tal-2026-10
b-e00195,b-acct-029,b-acct-029-l1,learner_invited,2026-09-27T08:17:00Z,control,,,,tal-2026-10
b-e01011,b-acct-127,b-acct-127-l1,learner_invited,2026-09-27T08:23:00Z,treatment,,,,tal-2026-10
b-e01011,b-acct-127,b-acct-127-l1,learner_invited,2026-09-27T08:23:00Z,treatment,,,,tal-2026-10
b-e00295,b-acct-041,b-acct-041-l1,learner_invited,2026-09-27T08:28:00Z,treatment,,,,tal-2026-10
b-e00936,b-acct-118,b-acct-118-l4,learner_invited,2026-09-27T08:33:00Z,treatment,,,,tal-2026-10
b-e00936,b-acct-118,b-acct-118-l4,learner_invited,2026-09-27T08:33:00Z,treatment,,,,tal-2026-10
b-e00143,b-acct-022,,goal_selected,2026-09-27T08:38:00Z,treatment,goal-incident-response,,,tal-2026-10
b-e01190,b-acct-144,b-acct-144-l1,invite_accepted,2026-09-27T08:42:00Z,treatment,,,,tal-2026-10
b-e00599,b-acct-072,,evaluation_started,2026-09-27T09:24:00Z,treatment,,,,tal-2026-10
b-e00144,b-acct-022,,plan_created,2026-09-27T09:48:00Z,treatment,goal-incident-response,b-acct-022-proof-7d,,tal-2026-10
b-e01118,b-acct-135,b-acct-135-l3,invite_accepted,2026-09-27T09:53:00Z,treatment,,,,tal-2026-10
b-e00877,b-acct-111,,evaluation_started,2026-09-27T10:01:00Z,treatment,,,,tal-2026-10
b-e01137,b-acct-137,b-acct-137-l2,lab_started,2026-09-27T10:09:00Z,treatment,,,lab-synthetic-5,tal-2026-10
b-e00286,b-acct-039,b-acct-039-l4,learner_invited,2026-09-27T10:16:00Z,treatment,,,,tal-2026-10
b-e00248,b-acct-035,b-acct-035-l1,invite_accepted,2026-09-27T10:17:00Z,control,,,,tal-2026-10
b-e00600,b-acct-072,,goal_selected,2026-09-27T10:28:00Z,treatment,goal-incident-response,,,tal-2026-10
b-e01010,b-acct-127,,plan_created,2026-09-27T10:34:00Z,treatment,goal-incident-response,b-acct-127-proof-7d,,tal-2026-10
b-e00065,b-acct-009,b-acct-009-l3,lab_started,2026-09-27T10:47:00Z,treatment,,,lab-synthetic-2,tal-2026-10
b-e00145,b-acct-022,b-acct-022-l1,learner_invited,2026-09-27T10:47:00Z,treatment,,,,tal-2026-10
b-e00947,b-acct-120,,evaluation_started,2026-09-27T10:47:00Z,treatment,,,,tal-2026-10
b-e00372,b-acct-049,b-acct-049-l1,invite_accepted,2026-09-27T13:35:00Z,treatment,,,,tal-2026-10
b-e00878,b-acct-111,,goal_selected,2026-09-27T10:49:00Z,treatment,goal-soc-onboarding,,,tal-2026-10
b-e00371,b-acct-049,b-acct-049-l1,learner_invited,2026-09-27T11:03:00Z,treatment,,,,tal-2026-10
b-e00839,b-acct-105,,plan_created,2026-09-27T11:24:00Z,treatment,goal-incident-response,b-acct-105-proof-7d,,tal-2026-10
b-e00948,b-acct-120,,goal_selected,2026-09-27T11:25:00Z,treatment,goal-web-app-testing,,,tal-2026-10
b-e00219,b-acct-032,,evaluation_started,2026-09-27T11:27:00Z,treatment,,,,tal-2026-10
b-e00220,b-acct-032,,goal_selected,2026-09-27T11:35:00Z,treatment,goal-web-app-testing,,,tal-2026-10
b-e01142,b-acct-138,b-acct-138-l2,learner_invited,2026-09-30T03:27:00Z,treatment,,,,tal-2026-10
b-e00784,b-acct-098,,evaluation_started,2026-09-27T11:39:00Z,treatment,,,,tal-2026-10
b-e00198,b-acct-030,,evaluation_started,2026-09-29T22:37:00Z,treatment,,,,tal-2026-10
b-e00132,b-acct-019,b-acct-019-l1,learner_invited,2026-09-27T12:03:00Z,control,,,,tal-2026-10
b-e00785,b-acct-098,,goal_selected,2026-09-27T12:07:00Z,treatment,goal-soc-onboarding,,,tal-2026-10
b-e00036,b-acct-006,b-acct-006-l4,invite_accepted,2026-09-27T12:10:00Z,treatment,,,,tal-2026-10
b-e00077,b-acct-013,b-acct-013-l2,invite_accepted,2026-09-27T12:12:00Z,treatment,,,,tal-2026-10
b-e00825,b-acct-102,b-acct-102-l1,invite_accepted,2026-09-27T12:15:00Z,treatment,,,,tal-2026-10
b-e01176,b-acct-143,,evaluation_started,2026-09-27T12:16:00Z,treatment,,,,tal-2026-10
b-e00301,b-acct-041,b-acct-041-l4,invite_accepted,2026-09-27T12:28:00Z,treatment,,,,tal-2026-10
b-e00601,b-acct-072,,plan_created,2026-09-27T12:40:00Z,treatment,goal-incident-response,b-acct-072-proof-7d,,tal-2026-10
b-e00786,b-acct-098,,plan_created,2026-09-27T12:59:00Z,treatment,goal-soc-onboarding,b-acct-098-proof-7d,,tal-2026-10
b-e00628,b-acct-077,,evaluation_started,2026-09-27T13:02:00Z,treatment,,,,tal-2026-10
b-e01177,b-acct-143,,goal_selected,2026-09-27T13:08:00Z,treatment,goal-incident-response,,,tal-2026-10
b-e00146,b-acct-022,b-acct-022-l2,learner_invited,2026-09-27T13:09:00Z,treatment,,,,tal-2026-10
b-e00185,b-acct-028,,plan_created,2026-09-27T13:12:00Z,treatment,,b-acct-028-generic,,tal-2026-10
b-e00209,b-acct-031,,evaluation_started,2026-09-25T10:17:00Z,control,,,,tal-2026-10
b-e01028,b-acct-128,,plan_created,2026-09-27T13:16:00Z,treatment,goal-incident-response,b-acct-128-proof-7d,,tal-2026-10
b-e00221,b-acct-032,,plan_created,2026-09-27T13:21:00Z,treatment,goal-web-app-testing,b-acct-032-proof-7d,,tal-2026-10
b-e00037,b-acct-006,b-acct-006-l4,lab_started,2026-09-27T13:29:00Z,treatment,,,lab-synthetic-3,tal-2026-10
b-e00478,b-acct-060,b-acct-060-l2,learner_invited,2026-09-27T13:31:00Z,treatment,,,,tal-2026-10
b-e00837,b-acct-105,,evaluation_started,2026-09-27T10:48:00Z,treatment,,,,tal-2026-10
b-e00186,b-acct-028,b-acct-028-l1,learner_invited,2026-09-27T13:57:00Z,treatment,,,,tal-2026-10
b-e00629,b-acct-077,,goal_selected,2026-09-27T14:07:00Z,treatment,goal-soc-onboarding,,,tal-2026-10
b-e00032,b-acct-006,b-acct-006-l2,lab_started,2026-09-27T14:21:00Z,treatment,,,lab-synthetic-6,tal-2026-10
b-e00928,b-acct-118,b-acct-118-l2,learner_invited,2026-09-27T14:41:00Z,treatment,,,,tal-2026-10
b-e01022,b-acct-127,b-acct-127-l4,learner_invited,2026-09-27T14:42:00Z,treatment,,,,tal-2026-10
b-e00428,b-acct-055,b-acct-055-l1,learner_invited,2026-09-27T15:10:00Z,treatment,,,,tal-2026-10
b-e01178,b-acct-143,,plan_created,2026-09-27T15:20:00Z,treatment,goal-incident-response,b-acct-143-proof-7d,,tal-2026-10
b-e00042,b-acct-007,b-acct-007-l1,learner_invited,2026-09-27T15:31:00Z,treatment,,,,tal-2026-10
b-e00131,b-acct-019,,plan_created,2026-09-27T15:32:00Z,control,,b-acct-019-generic,,tal-2026-10
b-e00375,b-acct-049,b-acct-049-l2,learner_invited,2026-09-27T15:36:00Z,treatment,,,,tal-2026-10
b-e00826,b-acct-102,b-acct-102-l1,lab_started,2026-09-27T15:48:00Z,treatment,,,lab-synthetic-6,tal-2026-10
b-e00940,b-acct-118,b-acct-118-l5,learner_invited,2026-09-27T15:57:00Z,treatment,,,,tal-2026-10
b-e00104,b-acct-016,b-acct-016-l2,invite_accepted,2026-09-27T16:02:00Z,treatment,,,,tal-2026-10
b-e00949,b-acct-120,,plan_created,2026-09-27T16:06:00Z,treatment,goal-web-app-testing,b-acct-120-proof-7d,,tal-2026-10
b-e00126,b-acct-018,b-acct-018-l3,learner_invited,2026-09-27T16:07:00Z,treatment,,,,tal-2026-10
b-e00297,b-acct-041,b-acct-041-l2,learner_invited,2026-09-27T16:11:00Z,treatment,,,,tal-2026-10
b-e00405,b-acct-052,b-acct-052-l2,learner_invited,2026-09-27T16:58:00Z,treatment,,,,tal-2026-10
b-e00304,b-acct-041,b-acct-041-l5,learner_invited,2026-09-27T17:14:00Z,treatment,,,,tal-2026-10
b-e01192,b-acct-144,b-acct-144-l2,learner_invited,2026-09-27T17:39:00Z,treatment,,,,tal-2026-10
b-e00612,b-acct-073,b-acct-073-l3,invite_accepted,2026-09-27T17:40:00Z,treatment,,,,tal-2026-10
b-e00125,b-acct-018,b-acct-018-l2,learner_invited,2026-09-27T17:44:00Z,treatment,,,,tal-2026-10
b-e00105,b-acct-016,b-acct-016-l2,lab_started,2026-09-27T17:52:00Z,treatment,,,lab-synthetic-2,tal-2026-10
b-e00105,b-acct-016,b-acct-016-l2,lab_started,2026-09-27T17:52:00Z,treatment,,,lab-synthetic-2,tal-2026-10
b-e00884,b-acct-111,b-acct-111-l2,learner_invited,2026-09-27T17:53:00Z,treatment,,,,tal-2026-10
b-e00287,b-acct-039,b-acct-039-l5,learner_invited,2026-09-27T18:08:00Z,treatment,,,,tal-2026-10
b-e00929,b-acct-118,b-acct-118-l2,invite_accepted,2026-09-27T18:09:00Z,treatment,,,,tal-2026-10
b-e00845,b-acct-105,b-acct-105-l3,learner_invited,2026-09-27T18:11:00Z,treatment,,,,tal-2026-10
b-e00960,b-acct-121,b-acct-121-l1,lab_started,2026-09-27T18:21:00Z,treatment,,,lab-synthetic-2,tal-2026-10
b-e00461,b-acct-058,b-acct-058-l1,learner_invited,2026-09-27T18:49:00Z,treatment,,,,tal-2026-10
b-e00789,b-acct-098,b-acct-098-l2,learner_invited,2026-09-27T18:56:00Z,treatment,,,,tal-2026-10
b-e00630,b-acct-077,,plan_created,2026-09-27T19:05:00Z,treatment,goal-soc-onboarding,b-acct-077-proof-7d,,tal-2026-10
b-e01019,b-acct-127,b-acct-127-l3,learner_invited,2026-09-27T19:09:00Z,treatment,,,,tal-2026-10
b-e00604,b-acct-072,b-acct-072-l3,learner_invited,2026-09-27T19:10:00Z,treatment,,,,tal-2026-10
b-e00715,b-acct-087,,plan_created,2026-09-27T19:17:00Z,control,,b-acct-087-generic,,tal-2026-10
b-e00715,b-acct-087,,plan_created,2026-09-27T19:17:00Z,control,,b-acct-087-generic,,tal-2026-10
b-e00932,b-acct-118,b-acct-118-l3,learner_invited,2026-09-27T19:18:00Z,treatment,,,,tal-2026-10
b-e00417,b-acct-052,b-acct-052-l5,learner_invited,2026-09-27T19:20:00Z,treatment,,,,tal-2026-10
b-e00885,b-acct-111,b-acct-111-l2,learner_opted_out,2026-09-27T19:20:00Z,treatment,,,,tal-2026-10
b-e00885,b-acct-111,b-acct-111-l2,learner_opted_out,2026-09-27T19:20:00Z,treatment,,,,tal-2026-10
b-e00602,b-acct-072,b-acct-072-l1,learner_invited,2026-09-27T19:28:00Z,treatment,,,,tal-2026-10
b-e00223,b-acct-032,b-acct-032-l2,learner_invited,2026-09-27T19:57:00Z,treatment,,,,tal-2026-10
b-e00954,b-acct-120,b-acct-120-l3,learner_invited,2026-09-27T20:07:00Z,treatment,,,,tal-2026-10
b-e00376,b-acct-049,b-acct-049-l2,invite_accepted,2026-09-27T20:15:00Z,treatment,,,,tal-2026-10
b-e00716,b-acct-087,b-acct-087-l1,learner_invited,2026-09-27T20:38:00Z,control,,,,tal-2026-10
b-e00379,b-acct-049,b-acct-049-l3,learner_invited,2026-09-27T20:39:00Z,treatment,,,,tal-2026-10
b-e00432,b-acct-055,b-acct-055-l2,invite_accepted,2026-09-27T20:39:00Z,treatment,,,,tal-2026-10
b-e00829,b-acct-102,b-acct-102-l2,lab_started,2026-09-27T20:44:00Z,treatment,,,lab-synthetic-4,tal-2026-10
b-e00467,b-acct-058,b-acct-058-l3,invite_accepted,2026-09-27T20:55:00Z,treatment,,,,tal-2026-10
b-e00908,b-acct-116,,evaluation_started,2026-09-27T20:58:00Z,treatment,,,,tal-2026-10
b-e01089,b-acct-132,b-acct-132-l5,meaningful_lab_completed,2026-09-27T21:05:00Z,treatment,,,lab-synthetic-6,tal-2026-10
b-e00147,b-acct-022,b-acct-022-l2,invite_accepted,2026-09-27T21:12:00Z,treatment,,,,tal-2026-10
b-e00373,b-acct-049,b-acct-049-l1,lab_started,2026-09-27T21:12:00Z,treatment,,,lab-synthetic-6,tal-2026-10
b-e00999,b-acct-126,,evaluation_started,2026-09-27T21:47:00Z,control,,,,tal-2026-10
b-e00958,b-acct-121,b-acct-121-l1,learner_invited,2026-09-26T02:39:00Z,treatment,,,,tal-2026-10
b-e00369,b-acct-049,,goal_selected,2026-09-26T23:19:00Z,treatment,goal-web-app-testing,,,tal-2026-10
b-e00925,b-acct-118,b-acct-118-l1,learner_invited,2026-09-27T22:01:00Z,treatment,,,,tal-2026-10
b-e00018,b-acct-005,b-acct-005-l1,learner_invited,2026-10-02T01:56:00Z,treatment,,,,tal-2026-10
b-e00631,b-acct-077,b-acct-077-l1,learner_invited,2026-09-27T22:16:00Z,treatment,,,,tal-2026-10
b-e00635,b-acct-077,b-acct-077-l2,learner_invited,2026-09-27T22:46:00Z,treatment,,,,tal-2026-10
b-e01193,b-acct-144,b-acct-144-l2,learner_opted_out,2026-09-27T22:47:00Z,treatment,,,,tal-2026-10
b-e00062,b-acct-009,b-acct-009-l2,lab_started,2026-09-26T18:43:00Z,treatment,,,lab-synthetic-1,tal-2026-10
b-e01092,b-acct-133,b-acct-133-l1,learner_invited,2026-09-27T23:29:00Z,control,,,,tal-2026-10
b-e01055,b-acct-130,,evaluation_started,2026-09-27T23:33:00Z,control,,,,tal-2026-10
b-e00281,b-acct-039,b-acct-039-l1,learner_invited,2026-09-27T23:58:00Z,treatment,,,,tal-2026-10
b-e00122,b-acct-018,,goal_selected,2026-09-26T20:54:00Z,treatment,goal-web-app-testing,,,tal-2026-10
b-e00636,b-acct-077,b-acct-077-l2,invite_accepted,2026-09-28T00:00:00Z,treatment,,,,tal-2026-10
b-e01029,b-acct-128,b-acct-128-l1,learner_invited,2026-09-28T00:06:00Z,treatment,,,,tal-2026-10
b-e00880,b-acct-111,b-acct-111-l1,learner_invited,2026-09-28T00:07:00Z,treatment,,,,tal-2026-10
b-e00107,b-acct-017,,evaluation_started,2026-09-28T00:21:00Z,treatment,,,,tal-2026-10
b-e00108,b-acct-017,,goal_selected,2026-09-28T00:32:00Z,treatment,goal-cloud-foundations,,,tal-2026-10
b-e00950,b-acct-120,b-acct-120-l1,learner_invited,2026-09-28T00:45:00Z,treatment,,,,tal-2026-10
b-e00299,b-acct-041,b-acct-041-l3,invite_accepted,2026-09-28T00:48:00Z,treatment,,,,tal-2026-10
b-e00109,b-acct-017,,plan_created,2026-09-28T00:52:00Z,treatment,goal-cloud-foundations,b-acct-017-proof-7d,,tal-2026-10
b-e00941,b-acct-118,b-acct-118-l5,learner_opted_out,2026-09-28T00:52:00Z,treatment,,,,tal-2026-10
b-e00843,b-acct-105,b-acct-105-l2,learner_invited,2026-09-28T00:58:00Z,treatment,,,,tal-2026-10
b-e01003,b-acct-126,b-acct-126-l2,learner_invited,2026-09-28T01:05:00Z,control,,,,tal-2026-10
b-e01091,b-acct-133,,plan_created,2026-09-28T01:05:00Z,control,,b-acct-133-generic,,tal-2026-10
b-e01023,b-acct-127,b-acct-127-l4,invite_accepted,2026-09-28T01:09:00Z,treatment,,,,tal-2026-10
b-e00775,b-acct-094,b-acct-094-l3,meaningful_lab_completed,2026-09-28T01:14:00Z,treatment,,,lab-synthetic-5,tal-2026-10
b-e00222,b-acct-032,b-acct-032-l1,learner_invited,2026-09-28T01:27:00Z,treatment,,,,tal-2026-10
b-e00482,b-acct-060,b-acct-060-l3,learner_invited,2026-09-28T01:31:00Z,treatment,,,,tal-2026-10
b-e01096,b-acct-133,b-acct-133-l4,learner_invited,2026-09-28T01:35:00Z,control,,,,tal-2026-10
b-e00212,b-acct-031,b-acct-031-l1,invite_accepted,2026-09-28T01:40:00Z,control,,,,tal-2026-10
b-e00790,b-acct-098,b-acct-098-l3,learner_invited,2026-09-28T01:49:00Z,treatment,,,,tal-2026-10
b-e00047,b-acct-007,b-acct-007-l2,learner_opted_out,2026-09-28T01:53:00Z,treatment,,,,tal-2026-10
b-e00166,b-acct-024,b-acct-024-l2,meaningful_lab_completed,2026-09-28T02:02:00Z,treatment,,,lab-synthetic-2,tal-2026-10
b-e00166-retry,b-acct-024,b-acct-024-l2,meaningful_lab_completed,2026-09-28T02:02:00Z,treatment,,,lab-synthetic-2,tal-2026-10
b-e00894,b-acct-113,b-acct-113-l2,meaningful_lab_completed,2026-09-28T02:12:00Z,treatment,,,lab-synthetic-6,tal-2026-10
b-e01093,b-acct-133,b-acct-133-l1,invite_accepted,2026-09-28T02:18:00Z,control,,,,tal-2026-10
b-e00474,b-acct-060,b-acct-060-l1,learner_invited,2026-09-28T02:19:00Z,treatment,,,,tal-2026-10
b-e00127,b-acct-018,b-acct-018-l3,invite_accepted,2026-09-28T02:41:00Z,treatment,,,,tal-2026-10
b-e00910,b-acct-116,,plan_created,2026-09-28T03:04:00Z,treatment,goal-cloud-foundations,b-acct-116-proof-7d,,tal-2026-10
b-e00967,b-acct-121,b-acct-121-l4,lab_started,2026-09-28T03:12:00Z,treatment,,,lab-synthetic-4,tal-2026-10
b-e00951,b-acct-120,b-acct-120-l1,learner_opted_out,2026-09-28T03:14:00Z,treatment,,,,tal-2026-10
b-e01097,b-acct-133,b-acct-133-l5,learner_invited,2026-09-28T03:14:00Z,control,,,,tal-2026-10
b-e00791,b-acct-098,b-acct-098-l4,learner_invited,2026-09-28T03:24:00Z,treatment,,,,tal-2026-10
b-e00791,b-acct-098,b-acct-098-l4,learner_invited,2026-09-28T03:24:00Z,treatment,,,,tal-2026-10
b-e00919,b-acct-116,b-acct-116-l4,learner_invited,2026-09-28T03:26:00Z,treatment,,,,tal-2026-10
b-e00253,b-acct-036,,evaluation_started,2026-09-28T03:55:00Z,control,,,,tal-2026-10
b-e01191,b-acct-144,b-acct-144-l1,lab_started,2026-09-28T04:08:00Z,treatment,,,lab-synthetic-6,tal-2026-10
b-e01191,b-acct-144,b-acct-144-l1,lab_started,2026-09-28T04:08:00Z,treatment,,,lab-synthetic-6,tal-2026-10
b-e01191,b-acct-144,b-acct-144-l1,lab_started,2026-09-28T04:08:00Z,treatment,,,lab-synthetic-6,tal-2026-10
b-e00807,b-acct-100,,evaluation_started,2026-09-28T04:13:00Z,control,,,,tal-2026-10
b-e00377,b-acct-049,b-acct-049-l2,lab_started,2026-09-28T04:35:00Z,treatment,,,lab-synthetic-5,tal-2026-10
b-e00917,b-acct-116,b-acct-116-l3,learner_invited,2026-09-28T04:40:00Z,treatment,,,,tal-2026-10
b-e00639,b-acct-077,b-acct-077-l3,learner_invited,2026-09-28T04:44:00Z,treatment,,,,tal-2026-10
b-e00380,b-acct-049,b-acct-049-l3,invite_accepted,2026-09-28T04:55:00Z,treatment,,,,tal-2026-10
b-e01000,b-acct-126,b-acct-126-l1,learner_invited,2026-09-29T05:50:00Z,control,,,,tal-2026-10
b-e01041,b-acct-128,b-acct-128-l4,learner_invited,2026-09-28T05:05:00Z,treatment,,,,tal-2026-10
b-e00840,b-acct-105,b-acct-105-l1,learner_invited,2026-09-28T05:20:00Z,treatment,,,,tal-2026-10
b-e00403,b-acct-052,b-acct-052-l1,lab_started,2026-09-29T02:31:00Z,treatment,,,lab-synthetic-2,tal-2026-10
b-e00787,b-acct-098,b-acct-098-l1,learner_invited,2026-09-28T05:29:00Z,treatment,,,,tal-2026-10
b-e00128,b-acct-018,b-acct-018-l4,learner_invited,2026-09-27T04:02:00Z,treatment,,,,tal-2026-10
b-e00134,b-acct-019,b-acct-019-l2,learner_invited,2026-09-28T05:38:00Z,control,,,,tal-2026-10
b-e00102,b-acct-016,b-acct-016-l1,invite_accepted,2026-09-28T05:40:00Z,treatment,,,,tal-2026-10
b-e01015,b-acct-127,b-acct-127-l2,learner_invited,2026-09-28T06:12:00Z,treatment,,,,tal-2026-10
b-e00867,b-acct-109,,evaluation_started,2026-09-28T06:19:00Z,treatment,,,,tal-2026-10
b-e00190,b-acct-028,b-acct-028-l2,learner_invited,2026-09-28T06:22:00Z,treatment,,,,tal-2026-10
b-e01183,b-acct-143,b-acct-143-l4,learner_invited,2026-09-28T06:19:00Z,treatment,,,,tal-2026-10
b-e01184,b-acct-143,b-acct-143-l5,learner_invited,2026-09-28T06:27:00Z,treatment,,,,tal-2026-10
b-e00381,b-acct-049,b-acct-049-l3,lab_started,2026-09-28T06:36:00Z,treatment,,,lab-synthetic-4,tal-2026-10
b-e01064,b-acct-131,,evaluation_started,2026-09-28T06:50:00Z,treatment,,,,tal-2026-10
b-e01179,b-acct-143,b-acct-143-l1,learner_invited,2026-09-28T06:52:00Z,treatment,,,,tal-2026-10
b-e00846,b-acct-105,b-acct-105-l4,learner_invited,2026-09-28T07:14:00Z,treatment,,,,tal-2026-10
b-e00224,b-acct-033,,evaluation_started,2026-09-28T07:22:00Z,treatment,,,,tal-2026-10
b-e00868,b-acct-109,,goal_selected,2026-09-28T07:22:00Z,treatment,goal-soc-onboarding,,,tal-2026-10
b-e01037,b-acct-128,b-acct-128-l3,learner_invited,2026-09-28T07:23:00Z,treatment,,,,tal-2026-10
b-e00464,b-acct-058,b-acct-058-l2,invite_accepted,2026-09-28T07:33:00Z,treatment,,,,tal-2026-10
b-e00462,b-acct-058,b-acct-058-l1,learner_opted_out,2026-09-28T07:44:00Z,treatment,,,,tal-2026-10
b-e01065,b-acct-131,,goal_selected,2026-09-28T07:45:00Z,treatment,goal-incident-response,,,tal-2026-10
b-e00952,b-acct-120,b-acct-120-l2,learner_invited,2026-09-28T07:51:00Z,treatment,,,,tal-2026-10
b-e01066,b-acct-131,,plan_created,2026-09-28T07:51:00Z,treatment,goal-incident-response,b-acct-131-proof-7d,,tal-2026-10
b-e00216,b-acct-031,b-acct-031-l3,invite_accepted,2026-09-28T07:55:00Z,control,,,,tal-2026-10
b-e01116,b-acct-135,b-acct-135-l2,invite_accepted,2026-09-27T01:49:00Z,treatment,,,,tal-2026-10
b-e00161,b-acct-024,b-acct-024-l1,invite_accepted,2026-09-28T08:15:00Z,treatment,,,,tal-2026-10
b-e01211,b-acct-147,,goal_selected,2026-09-28T08:17:00Z,treatment,goal-cloud-foundations,,,tal-2026-10
b-e00479,b-acct-060,b-acct-060-l2,invite_accepted,2026-09-28T08:25:00Z,treatment,,,,tal-2026-10
b-e01075,b-acct-131,b-acct-131-l5,learner_invited,2026-09-28T08:38:00Z,treatment,,,,tal-2026-10
b-e00603,b-acct-072,b-acct-072-l2,learner_invited,2026-09-28T08:39:00Z,treatment,,,,tal-2026-10
b-e00119,b-acct-017,b-acct-017-l5,learner_invited,2026-09-28T08:43:00Z,treatment,,,,tal-2026-10
b-e00615,b-acct-073,b-acct-073-l4,invite_accepted,2026-09-28T09:08:00Z,treatment,,,,tal-2026-10
b-e00468,b-acct-058,b-acct-058-l3,lab_started,2026-09-28T09:10:00Z,treatment,,,lab-synthetic-6,tal-2026-10
b-e00232,b-acct-034,,evaluation_started,2026-09-28T09:26:00Z,treatment,,,,tal-2026-10
b-e00233,b-acct-034,,goal_selected,2026-09-28T09:37:00Z,treatment,goal-cloud-foundations,,,tal-2026-10
b-e01212,b-acct-147,,plan_created,2026-09-28T09:43:00Z,treatment,goal-cloud-foundations,b-acct-147-proof-7d,,tal-2026-10
b-e00598,b-acct-071,b-acct-071-l2,learner_invited,2026-10-01T10:54:00Z,treatment,,,,tal-2026-10
b-e00378-retry,b-acct-049,b-acct-049-l2,meaningful_lab_completed,2026-09-28T09:45:00Z,treatment,,,lab-synthetic-5,tal-2026-10
b-e01216,b-acct-147,b-acct-147-l3,learner_invited,2026-09-28T10:00:00Z,treatment,,,,tal-2026-10
b-e00972,b-acct-121,b-acct-121-l5,meaningful_lab_completed,2026-09-28T10:13:00Z,treatment,,,lab-synthetic-1,tal-2026-10
b-e00869,b-acct-109,,plan_created,2026-09-28T10:14:00Z,treatment,goal-soc-onboarding,b-acct-109-proof-7d,,tal-2026-10
b-e01213,b-acct-147,b-acct-147-l1,learner_invited,2026-09-28T10:20:00Z,treatment,,,,tal-2026-10
b-e01095,b-acct-133,b-acct-133-l3,learner_invited,2026-09-28T10:24:00Z,control,,,,tal-2026-10
b-e01094,b-acct-133,b-acct-133-l2,learner_invited,2026-09-28T10:27:00Z,control,,,,tal-2026-10
b-e00535,b-acct-065,b-acct-065-l5,invite_accepted,2026-09-30T10:23:00Z,treatment,,,,tal-2026-10
b-e00968,b-acct-121,b-acct-121-l4,meaningful_lab_completed,2026-09-28T10:42:00Z,treatment,,,lab-synthetic-4,tal-2026-10
b-e00937,b-acct-118,b-acct-118-l4,invite_accepted,2026-09-28T10:52:00Z,treatment,,,,tal-2026-10
b-e00717,b-acct-087,b-acct-087-l2,learner_invited,2026-09-28T10:53:00Z,control,,,,tal-2026-10
b-e00717,b-acct-087,b-acct-087-l2,learner_invited,2026-09-28T10:53:00Z,control,,,,tal-2026-10
b-e00129,b-acct-018,b-acct-018-l4,invite_accepted,2026-09-28T10:59:00Z,treatment,,,,tal-2026-10
b-e00296,b-acct-041,b-acct-041-l1,invite_accepted,2026-09-28T11:17:00Z,treatment,,,,tal-2026-10
b-e00406,b-acct-052,b-acct-052-l2,invite_accepted,2026-09-28T11:27:00Z,treatment,,,,tal-2026-10
b-e01074,b-acct-131,b-acct-131-l4,learner_invited,2026-09-28T11:37:00Z,treatment,,,,tal-2026-10
b-e00302,b-acct-041,b-acct-041-l4,lab_started,2026-09-28T11:45:00Z,treatment,,,lab-synthetic-3,tal-2026-10
b-e00416,b-acct-052,b-acct-052-l4,meaningful_lab_completed,2026-09-29T17:59:00Z,treatment,,,lab-synthetic-1,tal-2026-10
b-e00402,b-acct-052,b-acct-052-l1,invite_accepted,2026-09-28T12:14:00Z,treatment,,,,tal-2026-10
b-e00814,b-acct-101,b-acct-101-l1,meaningful_lab_completed,2026-10-02T08:41:00Z,treatment,,,lab-synthetic-2,tal-2026-10
b-e00113,b-acct-017,b-acct-017-l2,learner_invited,2026-09-28T12:22:00Z,treatment,,,,tal-2026-10
b-e00120,b-acct-017,b-acct-017-l5,invite_accepted,2026-09-28T12:36:00Z,treatment,,,,tal-2026-10
b-e01070,b-acct-131,b-acct-131-l2,learner_invited,2026-09-28T12:52:00Z,treatment,,,,tal-2026-10
b-e00643,b-acct-077,b-acct-077-l4,learner_invited,2026-09-28T12:53:00Z,treatment,,,,tal-2026-10
b-e01012,b-acct-127,b-acct-127-l1,invite_accepted,2026-09-28T13:12:00Z,treatment,,,,tal-2026-10
b-e01012,b-acct-127,b-acct-127-l1,invite_accepted,2026-09-28T13:12:00Z,treatment,,,,tal-2026-10
b-e01024,b-acct-127,b-acct-127-l4,lab_started,2026-09-28T13:14:00Z,treatment,,,lab-synthetic-6,tal-2026-10
b-e00644,b-acct-077,b-acct-077-l4,invite_accepted,2026-09-28T13:26:00Z,treatment,,,,tal-2026-10
b-e00788,b-acct-098,b-acct-098-l1,learner_opted_out,2026-09-28T13:28:00Z,treatment,,,,tal-2026-10
b-e00613,b-acct-073,b-acct-073-l3,lab_started,2026-09-28T13:37:00Z,treatment,,,lab-synthetic-4,tal-2026-10
b-e00918,b-acct-116,b-acct-116-l3,learner_opted_out,2026-09-28T13:37:00Z,treatment,,,,tal-2026-10
b-e01004,b-acct-126,b-acct-126-l2,invite_accepted,2026-09-28T13:44:00Z,control,,,,tal-2026-10
b-e01004,b-acct-126,b-acct-126-l2,invite_accepted,2026-09-28T13:44:00Z,control,,,,tal-2026-10
b-e00305,b-acct-041,b-acct-041-l5,invite_accepted,2026-09-28T14:00:00Z,treatment,,,,tal-2026-10
b-e01060,b-acct-130,b-acct-130-l2,learner_invited,2026-09-28T14:10:00Z,control,,,,tal-2026-10
b-e00632,b-acct-077,b-acct-077-l1,invite_accepted,2026-09-28T14:11:00Z,treatment,,,,tal-2026-10
b-e00418,b-acct-052,b-acct-052-l5,invite_accepted,2026-09-28T14:12:00Z,treatment,,,,tal-2026-10
b-e00418,b-acct-052,b-acct-052-l5,invite_accepted,2026-09-28T14:12:00Z,treatment,,,,tal-2026-10
b-e00953,b-acct-120,b-acct-120-l2,invite_accepted,2026-09-28T14:16:00Z,treatment,,,,tal-2026-10
b-e00148,b-acct-022,b-acct-022-l2,lab_started,2026-09-28T14:20:00Z,treatment,,,lab-synthetic-4,tal-2026-10
b-e00436,b-acct-055,b-acct-055-l3,invite_accepted,2026-09-28T14:50:00Z,treatment,,,,tal-2026-10
b-e00436,b-acct-055,b-acct-055-l3,invite_accepted,2026-09-28T14:50:00Z,treatment,,,,tal-2026-10
b-e00285,b-acct-039,b-acct-039-l3,invite_accepted,2026-09-28T15:08:00Z,treatment,,,,tal-2026-10
b-e00926,b-acct-118,b-acct-118-l1,invite_accepted,2026-09-28T15:13:00Z,treatment,,,,tal-2026-10
b-e00610,b-acct-073,b-acct-073-l2,invite_accepted,2026-09-28T15:20:00Z,treatment,,,,tal-2026-10
b-e00133,b-acct-019,b-acct-019-l1,invite_accepted,2026-09-28T15:47:00Z,control,,,,tal-2026-10
b-e01006,b-acct-126,b-acct-126-l3,learner_invited,2026-09-28T15:50:00Z,control,,,,tal-2026-10
b-e00870,b-acct-109,b-acct-109-l1,learner_invited,2026-09-28T16:11:00Z,treatment,,,,tal-2026-10
b-e00870,b-acct-109,b-acct-109-l1,learner_invited,2026-09-28T16:11:00Z,treatment,,,,tal-2026-10
b-e01034,b-acct-128,b-acct-128-l2,invite_accepted,2026-09-28T16:17:00Z,treatment,,,,tal-2026-10
b-e00415,b-acct-052,b-acct-052-l4,lab_started,2026-09-28T16:32:00Z,treatment,,,lab-synthetic-1,tal-2026-10
b-e00191,b-acct-028,b-acct-028-l2,invite_accepted,2026-09-28T16:55:00Z,treatment,,,,tal-2026-10
b-e00911,b-acct-116,b-acct-116-l1,learner_invited,2026-09-28T16:59:00Z,treatment,,,,tal-2026-10
b-e00637,b-acct-077,b-acct-077-l2,lab_started,2026-09-28T17:04:00Z,treatment,,,lab-synthetic-2,tal-2026-10
b-e00633,b-acct-077,b-acct-077-l1,lab_started,2026-09-28T17:15:00Z,treatment,,,lab-synthetic-1,tal-2026-10
b-e01056,b-acct-130,,plan_created,2026-09-28T17:30:00Z,control,,b-acct-130-generic,,tal-2026-10
b-e01122,b-acct-135,b-acct-135-l4,invite_accepted,2026-09-26T05:06:00Z,treatment,,,,tal-2026-10
b-e00110,b-acct-017,b-acct-017-l1,learner_invited,2026-09-28T18:03:00Z,treatment,,,,tal-2026-10
b-e01214,b-acct-147,b-acct-147-l2,learner_invited,2026-09-28T18:51:00Z,treatment,,,,tal-2026-10
b-e00117,b-acct-017,b-acct-017-l4,learner_invited,2026-09-28T18:57:00Z,treatment,,,,tal-2026-10
b-e00933,b-acct-118,b-acct-118-l3,invite_accepted,2026-09-28T19:32:00Z,treatment,,,,tal-2026-10
b-e00115,b-acct-017,b-acct-017-l3,learner_invited,2026-09-28T19:39:00Z,treatment,,,,tal-2026-10
b-e01007,b-acct-126,b-acct-126-l3,invite_accepted,2026-09-28T19:47:00Z,control,,,,tal-2026-10
b-e01072,b-acct-131,b-acct-131-l3,learner_invited,2026-09-28T19:52:00Z,treatment,,,,tal-2026-10
b-e00938,b-acct-118,b-acct-118-l4,lab_started,2026-09-28T19:56:00Z,treatment,,,lab-synthetic-2,tal-2026-10
b-e01119,b-acct-135,b-acct-135-l3,lab_started,2026-09-28T20:10:00Z,treatment,,,lab-synthetic-2,tal-2026-10
b-e01098,b-acct-133,b-acct-133-l5,invite_accepted,2026-09-28T20:58:00Z,control,,,,tal-2026-10
b-e00733,b-acct-091,,evaluation_started,2026-09-28T21:11:00Z,treatment,,,,tal-2026-10
b-e00114,b-acct-017,b-acct-017-l2,invite_accepted,2026-09-28T21:13:00Z,treatment,,,,tal-2026-10
b-e00973,b-acct-122,,evaluation_started,2026-09-28T21:21:00Z,treatment,,,,tal-2026-10
b-e00282,b-acct-039,b-acct-039-l1,invite_accepted,2026-09-28T21:30:00Z,treatment,,,,tal-2026-10
b-e01103,b-acct-134,b-acct-134-l1,learner_invited,2026-09-28T21:42:00Z,treatment,,,,tal-2026-10
b-e00734,b-acct-091,,goal_selected,2026-09-28T21:49:00Z,treatment,goal-cloud-foundations,,,tal-2026-10
b-e00974,b-acct-122,,goal_selected,2026-09-28T21:50:00Z,treatment,goal-cloud-foundations,,,tal-2026-10
b-e01100,b-acct-134,,evaluation_started,2026-09-28T21:54:00Z,treatment,,,,tal-2026-10
b-e00560,b-acct-068,,evaluation_started,2026-09-28T21:55:00Z,treatment,,,,tal-2026-10
b-e00640,b-acct-077,b-acct-077-l3,invite_accepted,2026-09-28T21:56:00Z,treatment,,,,tal-2026-10
b-e01071,b-acct-131,b-acct-131-l2,invite_accepted,2026-09-28T22:00:00Z,treatment,,,,tal-2026-10
b-e00913,b-acct-116,b-acct-116-l2,learner_invited,2026-09-28T22:07:00Z,treatment,,,,tal-2026-10
b-e01101,b-acct-134,,goal_selected,2026-09-28T22:16:00Z,treatment,goal-incident-response,,,tal-2026-10
b-e00475,b-acct-060,b-acct-060-l1,invite_accepted,2026-09-28T22:25:00Z,treatment,,,,tal-2026-10
b-e00410,b-acct-052,b-acct-052-l3,invite_accepted,2026-09-28T22:59:00Z,treatment,,,,tal-2026-10
b-e00433,b-acct-055,b-acct-055-l2,lab_started,2026-09-28T23:02:00Z,treatment,,,lab-synthetic-1,tal-2026-10
b-e00519,b-acct-065,,evaluation_started,2026-09-29T00:11:00Z,treatment,,,,tal-2026-10
b-e00520,b-acct-065,,goal_selected,2026-09-29T00:18:00Z,treatment,goal-soc-onboarding,,,tal-2026-10
b-e01102,b-acct-134,,plan_created,2026-09-29T00:26:00Z,treatment,goal-incident-response,b-acct-134-proof-7d,,tal-2026-10
b-e00419,b-acct-052,b-acct-052-l5,lab_started,2026-09-29T00:31:00Z,treatment,,,lab-synthetic-4,tal-2026-10
b-e00118,b-acct-017,b-acct-017-l4,learner_opted_out,2026-09-29T01:09:00Z,treatment,,,,tal-2026-10
b-e01185,b-acct-143,b-acct-143-l5,invite_accepted,2026-09-29T01:15:00Z,treatment,,,,tal-2026-10
b-e00881,b-acct-111,b-acct-111-l1,invite_accepted,2026-09-28T05:24:00Z,treatment,,,,tal-2026-10
b-e00045-retry,b-acct-007,b-acct-007-l1,meaningful_lab_completed,2026-09-29T11:38:00Z,treatment,,,lab-synthetic-1,tal-2026-10
b-e01067,b-acct-131,b-acct-131-l1,learner_invited,2026-09-29T03:27:00Z,treatment,,,,tal-2026-10
b-e01067,b-acct-131,b-acct-131-l1,learner_invited,2026-09-29T03:27:00Z,treatment,,,,tal-2026-10
b-e01106,b-acct-134,b-acct-134-l2,learner_invited,2026-09-29T03:33:00Z,treatment,,,,tal-2026-10
b-e00187,b-acct-028,b-acct-028-l1,invite_accepted,2026-09-29T03:39:00Z,treatment,,,,tal-2026-10
b-e01005,b-acct-126,b-acct-126-l2,lab_started,2026-09-29T03:43:00Z,control,,,lab-synthetic-1,tal-2026-10
b-e01042,b-acct-128,b-acct-128-l4,invite_accepted,2026-09-29T03:49:00Z,treatment,,,,tal-2026-10
b-e01042,b-acct-128,b-acct-128-l4,invite_accepted,2026-09-29T03:49:00Z,treatment,,,,tal-2026-10
b-e00226,b-acct-033,b-acct-033-l2,learner_invited,2026-09-29T03:53:00Z,treatment,,,,tal-2026-10
b-e01182,b-acct-143,b-acct-143-l3,invite_accepted,2026-09-29T04:15:00Z,treatment,,,,tal-2026-10
b-e01182,b-acct-143,b-acct-143-l3,invite_accepted,2026-09-29T04:15:00Z,treatment,,,,tal-2026-10
b-e00930,b-acct-118,b-acct-118-l2,lab_started,2026-09-29T04:16:00Z,treatment,,,lab-synthetic-3,tal-2026-10
b-e00429,b-acct-055,b-acct-055-l1,invite_accepted,2026-09-29T04:39:00Z,treatment,,,,tal-2026-10
b-e00434,b-acct-055,b-acct-055-l2,meaningful_lab_completed,2026-09-29T04:46:00Z,treatment,,,lab-synthetic-1,tal-2026-10
b-e00434,b-acct-055,b-acct-055-l2,meaningful_lab_completed,2026-09-29T04:46:00Z,treatment,,,lab-synthetic-1,tal-2026-10
b-e01043,b-acct-128,b-acct-128-l4,lab_started,2026-09-29T04:47:00Z,treatment,,,lab-synthetic-3,tal-2026-10
b-e01073,b-acct-131,b-acct-131-l3,learner_opted_out,2026-09-29T04:53:00Z,treatment,,,,tal-2026-10
b-e01073,b-acct-131,b-acct-131-l3,learner_opted_out,2026-09-29T04:53:00Z,treatment,,,,tal-2026-10
b-e00694,b-acct-085,,evaluation_started,2026-09-29T04:56:00Z,treatment,,,,tal-2026-10
b-e01025,b-acct-127,b-acct-127-l4,meaningful_lab_completed,2026-09-29T05:10:00Z,treatment,,,lab-synthetic-6,tal-2026-10
b-e00336,b-acct-045,,evaluation_started,2026-09-29T05:45:00Z,control,,,,tal-2026-10
b-e01181,b-acct-143,b-acct-143-l3,learner_invited,2026-09-28T05:03:00Z,treatment,,,,tal-2026-10
b-e00695,b-acct-085,,goal_selected,2026-09-29T06:01:00Z,treatment,goal-web-app-testing,,,tal-2026-10
b-e00521,b-acct-065,,plan_created,2026-09-29T06:02:00Z,treatment,goal-soc-onboarding,b-acct-065-proof-7d,,tal-2026-10
b-e00242,b-acct-034,b-acct-034-l3,learner_invited,2026-09-29T06:06:00Z,treatment,,,,tal-2026-10
b-e00638,b-acct-077,b-acct-077-l2,meaningful_lab_completed,2026-09-29T06:32:00Z,treatment,,,lab-synthetic-2,tal-2026-10
b-e00225,b-acct-033,b-acct-033-l1,learner_invited,2026-09-29T06:45:00Z,treatment,,,,tal-2026-10
b-e01038,b-acct-128,b-acct-128-l3,invite_accepted,2026-09-29T06:49:00Z,treatment,,,,tal-2026-10
b-e00044,b-acct-007,b-acct-007-l1,lab_started,2026-09-29T07:06:00Z,treatment,,,lab-synthetic-1,tal-2026-10
b-e00382,b-acct-049,b-acct-049-l3,meaningful_lab_completed,2026-09-29T07:06:00Z,treatment,,,lab-synthetic-4,tal-2026-10
b-e00068,b-acct-012,,evaluation_started,2026-09-29T07:51:00Z,treatment,,,,tal-2026-10
b-e00697,b-acct-085,b-acct-085-l1,learner_invited,2026-09-29T08:12:00Z,treatment,,,,tal-2026-10
b-e00483,b-acct-060,b-acct-060-l3,invite_accepted,2026-09-29T08:16:00Z,treatment,,,,tal-2026-10
b-e00522,b-acct-065,b-acct-065-l1,learner_invited,2026-09-29T08:48:00Z,treatment,,,,tal-2026-10
b-e00912,b-acct-116,b-acct-116-l1,learner_opted_out,2026-09-29T09:02:00Z,treatment,,,,tal-2026-10
b-e00243,b-acct-034,b-acct-034-l3,learner_opted_out,2026-09-29T09:14:00Z,treatment,,,,tal-2026-10
b-e00254,b-acct-037,,evaluation_started,2026-09-29T09:57:00Z,treatment,,,,tal-2026-10
b-e00217,b-acct-031,b-acct-031-l3,lab_started,2026-09-29T09:58:00Z,control,,,lab-synthetic-5,tal-2026-10
b-e00830,b-acct-102,b-acct-102-l2,meaningful_lab_completed,2026-09-29T10:08:00Z,treatment,,,lab-synthetic-4,tal-2026-10
b-e01061,b-acct-130,b-acct-130-l2,invite_accepted,2026-09-29T10:09:00Z,control,,,,tal-2026-10
b-e00532,b-acct-065,b-acct-065-l4,learner_invited,2026-09-29T10:17:00Z,treatment,,,,tal-2026-10
b-e00255,b-acct-037,,goal_selected,2026-09-29T10:18:00Z,treatment,goal-soc-onboarding,,,tal-2026-10
b-e00696,b-acct-085,,plan_created,2026-09-29T10:23:00Z,treatment,goal-web-app-testing,b-acct-085-proof-7d,,tal-2026-10
b-e00256,b-acct-037,,plan_created,2026-09-29T11:12:00Z,treatment,goal-soc-onboarding,b-acct-037-proof-7d,,tal-2026-10
b-e00045,b-acct-007,b-acct-007-l1,meaningful_lab_completed,2026-09-29T11:38:00Z,treatment,,,lab-synthetic-1,tal-2026-10
b-e00045-retry,b-acct-007,b-acct-007-l1,meaningful_lab_completed,2026-09-29T11:38:00Z,treatment,,,lab-synthetic-1,tal-2026-10
b-e00841,b-acct-105,b-acct-105-l1,invite_accepted,2026-09-29T02:54:00Z,treatment,,,,tal-2026-10
b-e00480,b-acct-060,b-acct-060-l2,lab_started,2026-09-29T11:51:00Z,treatment,,,lab-synthetic-4,tal-2026-10
b-e00526,b-acct-065,b-acct-065-l2,learner_invited,2026-09-29T12:45:00Z,treatment,,,,tal-2026-10
b-e01057,b-acct-130,b-acct-130-l1,learner_invited,2026-09-29T12:46:00Z,control,,,,tal-2026-10
b-e00174,b-acct-026,b-acct-026-l1,learner_invited,2026-09-29T19:03:00Z,treatment,,,,tal-2026-10
b-e00641,b-acct-077,b-acct-077-l3,lab_started,2026-09-29T12:49:00Z,treatment,,,lab-synthetic-3,tal-2026-10
b-e00476,b-acct-060,b-acct-060-l1,lab_started,2026-09-29T12:52:00Z,treatment,,,lab-synthetic-1,tal-2026-10
b-e00469,b-acct-058,b-acct-058-l3,meaningful_lab_completed,2026-09-29T12:58:00Z,treatment,,,lab-synthetic-6,tal-2026-10
b-e01013,b-acct-127,b-acct-127-l1,lab_started,2026-09-29T13:24:00Z,treatment,,,lab-synthetic-6,tal-2026-10
b-e00171,b-acct-026,,evaluation_started,2026-09-29T13:34:00Z,treatment,,,,tal-2026-10
b-e00465,b-acct-058,b-acct-058-l2,lab_started,2026-09-29T13:36:00Z,treatment,,,lab-synthetic-4,tal-2026-10
b-e00227,b-acct-033,b-acct-033-l2,learner_opted_out,2026-09-29T13:41:00Z,treatment,,,,tal-2026-10
b-e00844,b-acct-105,b-acct-105-l2,invite_accepted,2026-09-29T13:43:00Z,treatment,,,,tal-2026-10
b-e00172,b-acct-026,,goal_selected,2026-09-29T13:44:00Z,treatment,goal-web-app-testing,,,tal-2026-10
b-e00767,b-acct-094,b-acct-094-l1,meaningful_lab_completed,2026-09-29T13:56:00Z,treatment,,,lab-synthetic-1,tal-2026-10
b-e00238,b-acct-034,b-acct-034-l2,learner_invited,2026-09-29T13:59:00Z,treatment,,,,tal-2026-10
b-e00803,b-acct-099,b-acct-099-l4,learner_invited,2026-10-01T03:10:00Z,treatment,,,,tal-2026-10
b-e01110,b-acct-134,b-acct-134-l3,learner_invited,2026-09-29T14:13:00Z,treatment,,,,tal-2026-10
b-e01157,b-acct-141,,evaluation_started,2026-09-29T14:15:00Z,treatment,,,,tal-2026-10
b-e01158,b-acct-141,,goal_selected,2026-09-29T14:39:00Z,treatment,goal-soc-onboarding,,,tal-2026-10
b-e00162,b-acct-024,b-acct-024-l1,lab_started,2026-09-29T14:51:00Z,treatment,,,lab-synthetic-6,tal-2026-10
b-e00481,b-acct-060,b-acct-060-l2,meaningful_lab_completed,2026-09-29T14:59:00Z,treatment,,,lab-synthetic-4,tal-2026-10
b-e00173,b-acct-026,,plan_created,2026-09-29T15:01:00Z,treatment,goal-web-app-testing,b-acct-026-proof-7d,,tal-2026-10
b-e01030,b-acct-128,b-acct-128-l1,invite_accepted,2026-09-29T15:21:00Z,treatment,,,,tal-2026-10
b-e00882,b-acct-111,b-acct-111-l1,lab_started,2026-09-29T15:30:00Z,treatment,,,lab-synthetic-3,tal-2026-10
b-e00407,b-acct-052,b-acct-052-l2,lab_started,2026-09-29T15:38:00Z,treatment,,,lab-synthetic-1,tal-2026-10
b-e00645,b-acct-077,b-acct-077-l4,lab_started,2026-09-29T15:55:00Z,treatment,,,lab-synthetic-3,tal-2026-10
b-e01159,b-acct-141,,plan_created,2026-09-29T15:58:00Z,treatment,goal-soc-onboarding,b-acct-141-proof-7d,,tal-2026-10
b-e01159,b-acct-141,,plan_created,2026-09-29T15:58:00Z,treatment,goal-soc-onboarding,b-acct-141-proof-7d,,tal-2026-10
b-e01144,b-acct-139,,evaluation_started,2026-09-29T16:40:00Z,treatment,,,,tal-2026-10
b-e00735,b-acct-091,b-acct-091-l1,learner_invited,2026-09-29T16:45:00Z,treatment,,,,tal-2026-10
b-e00069,b-acct-012,,plan_created,2026-09-29T16:49:00Z,treatment,,b-acct-012-generic,,tal-2026-10
b-e00719,b-acct-087,b-acct-087-l3,invite_accepted,2026-09-29T16:55:00Z,control,,,,tal-2026-10
b-e01162,b-acct-141,b-acct-141-l2,learner_invited,2026-09-29T17:06:00Z,treatment,,,,tal-2026-10
b-e00721,b-acct-087,b-acct-087-l4,invite_accepted,2026-09-29T17:21:00Z,control,,,,tal-2026-10
b-e01021,b-acct-127,b-acct-127-l3,lab_started,2026-09-29T17:38:00Z,treatment,,,lab-synthetic-1,tal-2026-10
b-e00728,b-acct-090,,evaluation_started,2026-09-29T17:45:00Z,treatment,,,,tal-2026-10
b-e00718,b-acct-087,b-acct-087-l3,learner_invited,2026-09-28T11:59:00Z,control,,,,tal-2026-10
b-e00229,b-acct-033,b-acct-033-l4,learner_invited,2026-09-29T18:11:00Z,treatment,,,,tal-2026-10
b-e01138,b-acct-138,,evaluation_started,2026-09-29T18:23:00Z,treatment,,,,tal-2026-10
b-e00430,b-acct-055,b-acct-055-l1,lab_started,2026-09-29T18:40:00Z,treatment,,,lab-synthetic-3,tal-2026-10
b-e00430,b-acct-055,b-acct-055-l1,lab_started,2026-09-29T18:40:00Z,treatment,,,lab-synthetic-3,tal-2026-10
b-e01139,b-acct-138,,goal_selected,2026-09-29T18:41:00Z,treatment,goal-incident-response,,,tal-2026-10
b-e00106,b-acct-016,b-acct-016-l2,meaningful_lab_completed,2026-09-29T18:43:00Z,treatment,,,lab-synthetic-2,tal-2026-10
b-e00739,b-acct-091,b-acct-091-l3,learner_invited,2026-09-29T18:53:00Z,treatment,,,,tal-2026-10
b-e01062,b-acct-130,b-acct-130-l2,lab_started,2026-09-29T18:55:00Z,control,,,lab-synthetic-2,tal-2026-10
b-e00702,b-acct-086,,evaluation_started,2026-09-29T18:58:00Z,treatment,,,,tal-2026-10
b-e00484,b-acct-060,b-acct-060-l3,lab_started,2026-09-29T12:49:00Z,treatment,,,lab-synthetic-5,tal-2026-10
b-e00703,b-acct-086,,goal_selected,2026-09-29T19:18:00Z,treatment,goal-incident-response,,,tal-2026-10
b-e00534,b-acct-065,b-acct-065-l5,learner_invited,2026-09-29T19:48:00Z,treatment,,,,tal-2026-10
b-e00499,b-acct-063,,evaluation_started,2026-09-29T19:50:00Z,treatment,,,,tal-2026-10
b-e01035,b-acct-128,b-acct-128-l2,lab_started,2026-09-29T20:00:00Z,treatment,,,lab-synthetic-4,tal-2026-10
b-e00437,b-acct-055,b-acct-055-l3,lab_started,2026-09-29T20:18:00Z,treatment,,,lab-synthetic-3,tal-2026-10
b-e00500,b-acct-063,,goal_selected,2026-09-29T20:51:00Z,treatment,goal-cloud-foundations,,,tal-2026-10
b-e00699,b-acct-085,b-acct-085-l3,learner_invited,2026-09-29T20:51:00Z,treatment,,,,tal-2026-10
b-e00303,b-acct-041,b-acct-041-l4,meaningful_lab_completed,2026-09-29T21:01:00Z,treatment,,,lab-synthetic-3,tal-2026-10
b-e00306,b-acct-041,b-acct-041-l5,lab_started,2026-09-29T21:16:00Z,treatment,,,lab-synthetic-1,tal-2026-10
b-e00257,b-acct-037,b-acct-037-l1,learner_invited,2026-09-29T21:18:00Z,treatment,,,,tal-2026-10
b-e01016,b-acct-127,b-acct-127-l2,invite_accepted,2026-09-29T21:23:00Z,treatment,,,,tal-2026-10
b-e00071,b-acct-012,b-acct-012-l2,learner_invited,2026-09-29T21:34:00Z,treatment,,,,tal-2026-10
b-e00259,b-acct-037,b-acct-037-l2,learner_invited,2026-09-29T21:45:00Z,treatment,,,,tal-2026-10
b-e00527,b-acct-065,b-acct-065-l2,invite_accepted,2026-09-29T21:58:00Z,treatment,,,,tal-2026-10
b-e00178,b-acct-026,b-acct-026-l2,learner_invited,2026-09-29T22:01:00Z,treatment,,,,tal-2026-10
b-e00730,b-acct-090,b-acct-090-l1,learner_invited,2026-09-29T22:09:00Z,treatment,,,,tal-2026-10
b-e01107,b-acct-134,b-acct-134-l2,invite_accepted,2026-09-29T22:20:00Z,treatment,,,,tal-2026-10
b-e00307,b-acct-041,b-acct-041-l5,meaningful_lab_completed,2026-09-29T22:24:00Z,treatment,,,lab-synthetic-1,tal-2026-10
b-e00838,b-acct-105,,goal_selected,2026-09-27T11:52:00Z,treatment,goal-incident-response,,,tal-2026-10
b-e00199,b-acct-030,,goal_selected,2026-09-29T22:58:00Z,treatment,goal-soc-onboarding,,,tal-2026-10
b-e00154,b-acct-023,b-acct-023-l3,learner_invited,2026-10-01T11:11:00Z,control,,,,tal-2026-10
b-e00502,b-acct-063,b-acct-063-l1,learner_invited,2026-09-29T23:21:00Z,treatment,,,,tal-2026-10
b-e00502,b-acct-063,b-acct-063-l1,learner_invited,2026-09-29T23:21:00Z,treatment,,,,tal-2026-10
b-e00732,b-acct-090,b-acct-090-l2,learner_invited,2026-09-29T23:25:00Z,treatment,,,,tal-2026-10
b-e00704,b-acct-086,,plan_created,2026-09-29T23:33:00Z,treatment,goal-incident-response,b-acct-086-proof-7d,,tal-2026-10
b-e01036,b-acct-128,b-acct-128-l2,meaningful_lab_completed,2026-09-29T23:37:00Z,treatment,,,lab-synthetic-4,tal-2026-10
b-e00182,b-acct-026,b-acct-026-l3,learner_invited,2026-09-29T23:49:00Z,treatment,,,,tal-2026-10
b-e00698,b-acct-085,b-acct-085-l2,learner_invited,2026-09-29T23:56:00Z,treatment,,,,tal-2026-10
b-e00530,b-acct-065,b-acct-065-l3,learner_invited,2026-09-30T00:14:00Z,treatment,,,,tal-2026-10
b-e01039,b-acct-128,b-acct-128-l3,lab_started,2026-09-30T00:17:00Z,treatment,,,lab-synthetic-2,tal-2026-10
b-e01031,b-acct-128,b-acct-128-l1,lab_started,2026-09-30T00:19:00Z,treatment,,,lab-synthetic-2,tal-2026-10
b-e00121,b-acct-018,,evaluation_started,2026-09-26T20:12:00Z,treatment,,,,tal-2026-10
b-e00203,b-acct-030,b-acct-030-l3,learner_invited,2026-09-30T00:38:00Z,treatment,,,,tal-2026-10
b-e00714,b-acct-087,,evaluation_started,2026-09-27T04:45:00Z,control,,,,tal-2026-10
b-e01140,b-acct-138,,plan_created,2026-09-30T00:44:00Z,treatment,goal-incident-response,b-acct-138-proof-7d,,tal-2026-10
b-e00883,b-acct-111,b-acct-111-l1,meaningful_lab_completed,2026-09-30T00:47:00Z,treatment,,,lab-synthetic-3,tal-2026-10
b-e00729,b-acct-090,,plan_created,2026-09-30T00:57:00Z,treatment,,b-acct-090-generic,,tal-2026-10
b-e00501,b-acct-063,,plan_created,2026-09-30T01:03:00Z,treatment,goal-cloud-foundations,b-acct-063-proof-7d,,tal-2026-10
b-e00149,b-acct-023,,evaluation_started,2026-09-30T01:31:00Z,control,,,,tal-2026-10
b-e01227,b-acct-148,b-acct-148-l3,learner_invited,2026-09-30T01:40:00Z,treatment,,,,tal-2026-10
b-e00411,b-acct-052,b-acct-052-l3,lab_started,2026-09-30T01:47:00Z,treatment,,,lab-synthetic-4,tal-2026-10
b-e01099,b-acct-133,b-acct-133-l5,lab_started,2026-09-30T01:59:00Z,control,,,lab-synthetic-6,tal-2026-10
b-e01163,b-acct-141,b-acct-141-l2,invite_accepted,2026-09-30T02:26:00Z,treatment,,,,tal-2026-10
b-e00565,b-acct-068,b-acct-068-l2,learner_invited,2026-09-30T02:42:00Z,treatment,,,,tal-2026-10
b-e00200,b-acct-030,,plan_created,2026-09-30T02:44:00Z,treatment,goal-soc-onboarding,b-acct-030-proof-7d,,tal-2026-10
b-e00503,b-acct-063,b-acct-063-l1,learner_opted_out,2026-09-30T02:46:00Z,treatment,,,,tal-2026-10
b-e01217,b-acct-148,,evaluation_started,2026-09-30T02:47:00Z,treatment,,,,tal-2026-10
b-e01160,b-acct-141,b-acct-141-l1,learner_invited,2026-09-30T02:54:00Z,treatment,,,,tal-2026-10
b-e00927,b-acct-118,b-acct-118-l1,lab_started,2026-09-30T03:22:00Z,treatment,,,lab-synthetic-1,tal-2026-10
b-e00029,b-acct-006,b-acct-006-l1,invite_accepted,2026-09-26T01:59:00Z,treatment,,,,tal-2026-10
b-e01063,b-acct-130,b-acct-130-l2,meaningful_lab_completed,2026-09-30T03:31:00Z,control,,,lab-synthetic-2,tal-2026-10
b-e01231,b-acct-150,,evaluation_started,2026-09-30T03:46:00Z,control,,,,tal-2026-10
b-e01218,b-acct-148,,goal_selected,2026-09-30T03:52:00Z,treatment,goal-incident-response,,,tal-2026-10
b-e00634,b-acct-077,b-acct-077-l1,meaningful_lab_completed,2026-09-30T03:54:00Z,treatment,,,lab-synthetic-1,tal-2026-10
b-e01219,b-acct-148,,plan_created,2026-09-30T04:11:00Z,treatment,goal-incident-response,b-acct-148-proof-7d,,tal-2026-10
b-e00567,b-acct-068,b-acct-068-l3,learner_invited,2026-09-30T04:16:00Z,treatment,,,,tal-2026-10
b-e00244,b-acct-034,b-acct-034-l4,learner_invited,2026-09-30T04:17:00Z,treatment,,,,tal-2026-10
b-e00192,b-acct-028,b-acct-028-l2,lab_started,2026-09-30T04:35:00Z,treatment,,,lab-synthetic-3,tal-2026-10
b-e00038,b-acct-006,b-acct-006-l4,meaningful_lab_completed,2026-09-30T04:45:00Z,treatment,,,lab-synthetic-3,tal-2026-10
b-e00038-retry,b-acct-006,b-acct-006-l4,meaningful_lab_completed,2026-09-30T04:45:00Z,treatment,,,lab-synthetic-3,tal-2026-10
b-e00038-retry,b-acct-006,b-acct-006-l4,meaningful_lab_completed,2026-09-30T04:45:00Z,treatment,,,lab-synthetic-3,tal-2026-10
b-e00175,b-acct-026,b-acct-026-l1,invite_accepted,2026-09-30T04:46:00Z,treatment,,,,tal-2026-10
b-e00175,b-acct-026,b-acct-026-l1,invite_accepted,2026-09-30T04:46:00Z,treatment,,,,tal-2026-10
b-e00561,b-acct-068,,plan_created,2026-09-30T04:47:00Z,treatment,,b-acct-068-generic,,tal-2026-10
b-e00931,b-acct-118,b-acct-118-l2,meaningful_lab_completed,2026-09-30T04:56:00Z,treatment,,,lab-synthetic-3,tal-2026-10
b-e00705,b-acct-086,b-acct-086-l1,learner_invited,2026-09-30T05:47:00Z,treatment,,,,tal-2026-10
b-e01108,b-acct-134,b-acct-134-l2,lab_started,2026-09-30T05:53:00Z,treatment,,,lab-synthetic-3,tal-2026-10
b-e00701,b-acct-085,b-acct-085-l4,learner_invited,2026-09-30T05:58:00Z,treatment,,,,tal-2026-10
b-e00201,b-acct-030,b-acct-030-l1,learner_invited,2026-09-30T06:21:00Z,treatment,,,,tal-2026-10
b-e00374,b-acct-049,b-acct-049-l1,meaningful_lab_completed,2026-09-30T06:44:00Z,treatment,,,lab-synthetic-6,tal-2026-10
b-e00374,b-acct-049,b-acct-049-l1,meaningful_lab_completed,2026-09-30T06:44:00Z,treatment,,,lab-synthetic-6,tal-2026-10
b-e01014,b-acct-127,b-acct-127-l1,meaningful_lab_completed,2026-09-30T06:48:00Z,treatment,,,lab-synthetic-6,tal-2026-10
b-e01124,b-acct-136,,evaluation_started,2026-09-30T06:55:00Z,treatment,,,,tal-2026-10
b-e00111,b-acct-017,b-acct-017-l1,invite_accepted,2026-09-30T07:15:00Z,treatment,,,,tal-2026-10
b-e00245,b-acct-034,b-acct-034-l4,invite_accepted,2026-09-30T07:25:00Z,treatment,,,,tal-2026-10
b-e00208,b-acct-030,b-acct-030-l5,learner_invited,2026-09-30T07:28:00Z,treatment,,,,tal-2026-10
b-e00278,b-acct-039,,evaluation_started,2026-09-27T01:22:00Z,treatment,,,,tal-2026-10
b-e01032,b-acct-128,b-acct-128-l1,meaningful_lab_completed,2026-09-30T07:41:00Z,treatment,,,lab-synthetic-2,tal-2026-10
b-e01125,b-acct-136,,goal_selected,2026-09-30T08:00:00Z,treatment,goal-web-app-testing,,,tal-2026-10
b-e00914,b-acct-116,b-acct-116-l2,invite_accepted,2026-09-30T08:06:00Z,treatment,,,,tal-2026-10
b-e00070,b-acct-012,b-acct-012-l1,learner_invited,2026-09-30T08:15:00Z,treatment,,,,tal-2026-10
b-e00568,b-acct-068,b-acct-068-l4,learner_invited,2026-09-30T08:24:00Z,treatment,,,,tal-2026-10
b-e01126,b-acct-136,,plan_created,2026-09-30T08:53:00Z,treatment,goal-web-app-testing,b-acct-136-proof-7d,,tal-2026-10
b-e00116,b-acct-017,b-acct-017-l3,invite_accepted,2026-09-30T09:07:00Z,treatment,,,,tal-2026-10
b-e00711,b-acct-086,b-acct-086-l3,learner_invited,2026-09-30T09:13:00Z,treatment,,,,tal-2026-10
b-e00188,b-acct-028,b-acct-028-l1,lab_started,2026-09-30T09:27:00Z,treatment,,,lab-synthetic-4,tal-2026-10
b-e01001,b-acct-126,b-acct-126-l1,invite_accepted,2026-09-30T10:04:00Z,control,,,,tal-2026-10
b-e01215,b-acct-147,b-acct-147-l2,invite_accepted,2026-09-30T10:19:00Z,treatment,,,,tal-2026-10
b-e01020,b-acct-127,b-acct-127-l3,invite_accepted,2026-09-28T10:33:00Z,treatment,,,,tal-2026-10
b-e00707,b-acct-086,b-acct-086-l2,learner_invited,2026-09-30T10:31:00Z,treatment,,,,tal-2026-10
b-e01120,b-acct-135,b-acct-135-l3,meaningful_lab_completed,2026-09-30T10:40:00Z,treatment,,,lab-synthetic-2,tal-2026-10
b-e01120,b-acct-135,b-acct-135-l3,meaningful_lab_completed,2026-09-30T10:40:00Z,treatment,,,lab-synthetic-2,tal-2026-10
b-e00808,b-acct-101,,evaluation_started,2026-09-30T11:08:00Z,treatment,,,,tal-2026-10
b-e00808,b-acct-101,,evaluation_started,2026-09-30T11:08:00Z,treatment,,,,tal-2026-10
b-e00536,b-acct-065,b-acct-065-l5,lab_started,2026-09-30T11:24:00Z,treatment,,,lab-synthetic-1,tal-2026-10
b-e00809,b-acct-101,,goal_selected,2026-09-30T11:30:00Z,treatment,goal-soc-onboarding,,,tal-2026-10
b-e01223,b-acct-148,b-acct-148-l2,learner_invited,2026-09-30T12:10:00Z,treatment,,,,tal-2026-10
b-e00413,b-acct-052,b-acct-052-l4,learner_invited,2026-09-26T21:34:00Z,treatment,,,,tal-2026-10
b-e00026,b-acct-006,,goal_selected,2026-09-25T05:12:00Z,treatment,goal-incident-response,,,tal-2026-10
b-e00017,b-acct-005,,evaluation_started,2026-09-30T12:45:00Z,treatment,,,,tal-2026-10
b-e00017,b-acct-005,,evaluation_started,2026-09-30T12:45:00Z,treatment,,,,tal-2026-10
b-e01104,b-acct-134,b-acct-134-l1,invite_accepted,2026-09-30T12:51:00Z,treatment,,,,tal-2026-10
b-e00810,b-acct-101,,plan_created,2026-09-30T13:05:00Z,treatment,goal-soc-onboarding,b-acct-101-proof-7d,,tal-2026-10
b-e01143,b-acct-138,b-acct-138-l2,learner_opted_out,2026-09-30T13:05:00Z,treatment,,,,tal-2026-10
b-e00810,b-acct-101,,plan_created,2026-09-30T13:05:00Z,treatment,goal-soc-onboarding,b-acct-101-proof-7d,,tal-2026-10
b-e00531,b-acct-065,b-acct-065-l3,learner_opted_out,2026-09-30T13:19:00Z,treatment,,,,tal-2026-10
b-e00325,b-acct-044,,evaluation_started,2026-09-30T13:21:00Z,control,,,,tal-2026-10
b-e00736,b-acct-091,b-acct-091-l1,invite_accepted,2026-09-30T13:22:00Z,treatment,,,,tal-2026-10
b-e01220,b-acct-148,b-acct-148-l1,learner_invited,2026-09-30T13:31:00Z,treatment,,,,tal-2026-10
b-e01232,b-acct-150,,plan_created,2026-09-30T14:23:00Z,control,,b-acct-150-generic,,tal-2026-10
b-e00667,b-acct-083,,evaluation_started,2026-09-30T14:29:00Z,treatment,,,,tal-2026-10
b-e00566,b-acct-068,b-acct-068-l2,invite_accepted,2026-09-30T14:42:00Z,treatment,,,,tal-2026-10
b-e00842,b-acct-105,b-acct-105-l1,lab_started,2026-09-30T14:46:00Z,treatment,,,lab-synthetic-4,tal-2026-10
b-e01147,b-acct-139,b-acct-139-l2,learner_invited,2026-09-30T14:53:00Z,treatment,,,,tal-2026-10
b-e00642,b-acct-077,b-acct-077-l3,meaningful_lab_completed,2026-09-30T15:10:00Z,treatment,,,lab-synthetic-3,tal-2026-10
b-e01128,b-acct-136,b-acct-136-l2,learner_invited,2026-09-30T15:22:00Z,treatment,,,,tal-2026-10
b-e01017,b-acct-127,b-acct-127-l2,lab_started,2026-09-30T15:28:00Z,treatment,,,lab-synthetic-1,tal-2026-10
b-e00668,b-acct-083,,goal_selected,2026-09-30T15:29:00Z,treatment,goal-web-app-testing,,,tal-2026-10
b-e01127,b-acct-136,b-acct-136-l1,learner_invited,2026-09-30T15:55:00Z,treatment,,,,tal-2026-10
b-e00202,b-acct-030,b-acct-030-l2,learner_invited,2026-09-30T15:56:00Z,treatment,,,,tal-2026-10
b-e00504,b-acct-063,b-acct-063-l2,learner_invited,2026-09-30T16:01:00Z,treatment,,,,tal-2026-10
b-e00674,b-acct-083,b-acct-083-l2,learner_invited,2026-09-30T17:21:00Z,treatment,,,,tal-2026-10
b-e01145,b-acct-139,,plan_created,2026-09-30T18:01:00Z,treatment,,b-acct-139-generic,,tal-2026-10
b-e00537,b-acct-065,b-acct-065-l5,meaningful_lab_completed,2026-09-30T18:03:00Z,treatment,,,lab-synthetic-1,tal-2026-10
b-e00669,b-acct-083,,plan_created,2026-09-30T18:07:00Z,treatment,goal-web-app-testing,b-acct-083-proof-7d,,tal-2026-10
b-e00669,b-acct-083,,plan_created,2026-09-30T18:07:00Z,treatment,goal-web-app-testing,b-acct-083-proof-7d,,tal-2026-10
b-e00737,b-acct-091,b-acct-091-l2,learner_invited,2026-09-30T18:17:00Z,treatment,,,,tal-2026-10
b-e00528,b-acct-065,b-acct-065-l2,lab_started,2026-09-30T18:21:00Z,treatment,,,lab-synthetic-2,tal-2026-10
b-e00258,b-acct-037,b-acct-037-l1,learner_opted_out,2026-09-30T18:27:00Z,treatment,,,,tal-2026-10
b-e00722,b-acct-087,b-acct-087-l4,lab_started,2026-09-30T18:43:00Z,control,,,lab-synthetic-2,tal-2026-10
b-e01161,b-acct-141,b-acct-141-l1,invite_accepted,2026-09-30T18:47:00Z,treatment,,,,tal-2026-10
b-e00706,b-acct-086,b-acct-086-l1,learner_opted_out,2026-09-30T19:00:00Z,treatment,,,,tal-2026-10
b-e00112,b-acct-017,b-acct-017-l1,lab_started,2026-09-30T19:03:00Z,treatment,,,lab-synthetic-6,tal-2026-10
b-e00811,b-acct-101,b-acct-101-l1,learner_invited,2026-09-30T19:13:00Z,treatment,,,,tal-2026-10
b-e00247,b-acct-035,b-acct-035-l1,learner_invited,2026-09-26T00:41:00Z,control,,,,tal-2026-10
b-e00239,b-acct-034,b-acct-034-l2,invite_accepted,2026-09-30T19:21:00Z,treatment,,,,tal-2026-10
b-e00523,b-acct-065,b-acct-065-l1,invite_accepted,2026-09-30T19:28:00Z,treatment,,,,tal-2026-10
b-e00592,b-acct-071,,evaluation_started,2026-09-30T19:37:00Z,treatment,,,,tal-2026-10
b-e00569,b-acct-068,b-acct-068-l4,invite_accepted,2026-09-30T19:54:00Z,treatment,,,,tal-2026-10
b-e00205,b-acct-030,b-acct-030-l4,learner_invited,2026-09-30T20:18:00Z,treatment,,,,tal-2026-10
b-e00593,b-acct-071,,goal_selected,2026-09-30T20:18:00Z,treatment,goal-soc-onboarding,,,tal-2026-10
b-e00679,b-acct-083,b-acct-083-l4,learner_invited,2026-09-30T20:36:00Z,treatment,,,,tal-2026-10
b-e00151,b-acct-023,b-acct-023-l1,learner_invited,2026-09-30T20:37:00Z,control,,,,tal-2026-10
b-e01129,b-acct-136,b-acct-136-l2,invite_accepted,2026-09-30T21:00:00Z,treatment,,,,tal-2026-10
b-e00915,b-acct-116,b-acct-116-l2,lab_started,2026-09-30T21:07:00Z,treatment,,,lab-synthetic-2,tal-2026-10
b-e00314,b-acct-043,,evaluation_started,2026-09-30T21:41:00Z,treatment,,,,tal-2026-10
b-e00314,b-acct-043,,evaluation_started,2026-09-30T21:41:00Z,treatment,,,,tal-2026-10
b-e00363,b-acct-048,,evaluation_started,2026-09-30T21:52:00Z,treatment,,,,tal-2026-10
b-e01087,b-acct-132,b-acct-132-l5,invite_accepted,2026-09-25T06:24:00Z,treatment,,,,tal-2026-10
b-e00021,b-acct-005,b-acct-005-l3,learner_invited,2026-09-30T22:09:00Z,treatment,,,,tal-2026-10
b-e00150,b-acct-023,,plan_created,2026-09-30T22:12:00Z,control,,b-acct-023-generic,,tal-2026-10
b-e00435,b-acct-055,b-acct-055-l3,learner_invited,2026-09-27T07:32:00Z,treatment,,,,tal-2026-10
b-e00364,b-acct-048,,goal_selected,2026-09-30T22:54:00Z,treatment,goal-soc-onboarding,,,tal-2026-10
b-e01240,b-acct-150,b-acct-150-l5,learner_invited,2026-09-30T22:56:00Z,control,,,,tal-2026-10
b-e00748,b-acct-093,,evaluation_started,2026-09-30T22:58:00Z,treatment,,,,tal-2026-10
b-e00819,b-acct-101,b-acct-101-l3,learner_invited,2026-09-30T23:00:00Z,treatment,,,,tal-2026-10
b-e00804,b-acct-099,b-acct-099-l4,invite_accepted,2026-10-01T19:23:00Z,treatment,,,,tal-2026-10
b-e00738,b-acct-091,b-acct-091-l2,invite_accepted,2026-09-30T23:02:00Z,treatment,,,,tal-2026-10
b-e00179,b-acct-026,b-acct-026-l2,invite_accepted,2026-09-30T23:30:00Z,treatment,,,,tal-2026-10
b-e00749,b-acct-093,,goal_selected,2026-09-30T23:43:00Z,treatment,goal-soc-onboarding,,,tal-2026-10
b-e01239,b-acct-150,b-acct-150-l4,learner_invited,2026-09-30T23:52:00Z,control,,,,tal-2026-10
b-e00792,b-acct-099,,evaluation_started,2026-09-30T23:57:00Z,treatment,,,,tal-2026-10
b-e00260,b-acct-037,b-acct-037-l2,invite_accepted,2026-09-30T23:58:00Z,treatment,,,,tal-2026-10
b-e00793,b-acct-099,,goal_selected,2026-10-01T00:03:00Z,treatment,goal-cloud-foundations,,,tal-2026-10
b-e00750,b-acct-093,,plan_created,2026-10-01T00:10:00Z,treatment,goal-soc-onboarding,b-acct-093-proof-7d,,tal-2026-10
b-e00750,b-acct-093,,plan_created,2026-10-01T00:10:00Z,treatment,goal-soc-onboarding,b-acct-093-proof-7d,,tal-2026-10
b-e00533,b-acct-065,b-acct-065-l4,invite_accepted,2026-10-01T00:21:00Z,treatment,,,,tal-2026-10
b-e01148,b-acct-139,b-acct-139-l3,learner_invited,2026-10-01T00:23:00Z,treatment,,,,tal-2026-10
b-e00204,b-acct-030,b-acct-030-l3,invite_accepted,2026-10-01T00:41:00Z,treatment,,,,tal-2026-10
b-e01146,b-acct-139,b-acct-139-l1,learner_invited,2026-10-01T00:46:00Z,treatment,,,,tal-2026-10
b-e00753,b-acct-093,b-acct-093-l2,learner_invited,2026-10-01T00:58:00Z,treatment,,,,tal-2026-10
b-e00753,b-acct-093,b-acct-093-l2,learner_invited,2026-10-01T00:58:00Z,treatment,,,,tal-2026-10
b-e00064,b-acct-009,b-acct-009-l3,invite_accepted,2026-09-26T18:20:00Z,treatment,,,,tal-2026-10
b-e00327,b-acct-044,b-acct-044-l1,learner_invited,2026-10-01T01:26:00Z,control,,,,tal-2026-10
b-e00794,b-acct-099,,plan_created,2026-10-01T01:29:00Z,treatment,goal-cloud-foundations,b-acct-099-proof-7d,,tal-2026-10
b-e01236,b-acct-150,b-acct-150-l2,learner_invited,2026-10-01T02:15:00Z,control,,,,tal-2026-10
b-e00485,b-acct-060,b-acct-060-l3,meaningful_lab_completed,2026-10-01T02:24:00Z,treatment,,,lab-synthetic-5,tal-2026-10
b-e01149,b-acct-139,b-acct-139-l3,learner_opted_out,2026-10-01T02:28:00Z,treatment,,,,tal-2026-10
b-e00758,b-acct-093,b-acct-093-l4,learner_invited,2026-10-01T02:37:00Z,treatment,,,,tal-2026-10
b-e00759,b-acct-093,b-acct-093-l5,learner_invited,2026-10-01T02:58:00Z,treatment,,,,tal-2026-10
b-e00332,b-acct-044,b-acct-044-l3,learner_invited,2026-10-01T03:10:00Z,control,,,,tal-2026-10
b-e00228,b-acct-033,b-acct-033-l3,learner_invited,2026-09-29T14:08:00Z,treatment,,,,tal-2026-10
b-e00677,b-acct-083,b-acct-083-l3,learner_invited,2026-10-01T03:30:00Z,treatment,,,,tal-2026-10
b-e01018,b-acct-127,b-acct-127-l2,meaningful_lab_completed,2026-10-01T03:34:00Z,treatment,,,lab-synthetic-1,tal-2026-10
b-e01002,b-acct-126,b-acct-126-l1,lab_started,2026-10-01T03:54:00Z,control,,,lab-synthetic-1,tal-2026-10
b-e00731,b-acct-090,b-acct-090-l1,invite_accepted,2026-10-01T03:57:00Z,treatment,,,,tal-2026-10
b-e00326,b-acct-044,,plan_created,2026-10-01T04:00:00Z,control,,b-acct-044-generic,,tal-2026-10
b-e00365,b-acct-048,,plan_created,2026-10-01T04:04:00Z,treatment,goal-soc-onboarding,b-acct-048-proof-7d,,tal-2026-10
b-e00680,b-acct-083,b-acct-083-l5,learner_invited,2026-10-01T04:23:00Z,treatment,,,,tal-2026-10
b-e00670,b-acct-083,b-acct-083-l1,learner_invited,2026-10-01T04:26:00Z,treatment,,,,tal-2026-10
b-e01058,b-acct-130,b-acct-130-l1,invite_accepted,2026-10-01T05:08:00Z,control,,,,tal-2026-10
b-e00155,b-acct-023,b-acct-023-l4,learner_invited,2026-10-01T05:10:00Z,control,,,,tal-2026-10
b-e00708,b-acct-086,b-acct-086-l2,invite_accepted,2026-10-01T05:15:00Z,treatment,,,,tal-2026-10
b-e00708,b-acct-086,b-acct-086-l2,invite_accepted,2026-10-01T05:15:00Z,treatment,,,,tal-2026-10
b-e00477,b-acct-060,b-acct-060-l1,meaningful_lab_completed,2026-10-01T05:25:00Z,treatment,,,lab-synthetic-1,tal-2026-10
b-e00595,b-acct-071,b-acct-071-l1,learner_invited,2026-10-01T05:41:00Z,treatment,,,,tal-2026-10
b-e00595,b-acct-071,b-acct-071-l1,learner_invited,2026-10-01T05:41:00Z,treatment,,,,tal-2026-10
b-e00404,b-acct-052,b-acct-052-l1,meaningful_lab_completed,2026-10-01T05:55:00Z,treatment,,,lab-synthetic-2,tal-2026-10
b-e00815,b-acct-101,b-acct-101-l2,learner_invited,2026-10-01T05:55:00Z,treatment,,,,tal-2026-10
b-e00563,b-acct-068,b-acct-068-l1,invite_accepted,2026-10-01T06:09:00Z,treatment,,,,tal-2026-10
b-e00675,b-acct-083,b-acct-083-l2,invite_accepted,2026-10-01T06:17:00Z,treatment,,,,tal-2026-10
b-e01224,b-acct-148,b-acct-148-l2,invite_accepted,2026-10-01T06:31:00Z,treatment,,,,tal-2026-10
b-e00235,b-acct-034,b-acct-034-l1,invite_accepted,2026-10-01T06:40:00Z,treatment,,,,tal-2026-10
b-e01221,b-acct-148,b-acct-148-l1,invite_accepted,2026-10-01T07:05:00Z,treatment,,,,tal-2026-10
b-e01221,b-acct-148,b-acct-148-l1,invite_accepted,2026-10-01T07:05:00Z,treatment,,,,tal-2026-10
b-e00700,b-acct-085,b-acct-085-l3,invite_accepted,2026-10-01T07:19:00Z,treatment,,,,tal-2026-10
b-e00700,b-acct-085,b-acct-085-l3,invite_accepted,2026-10-01T07:19:00Z,treatment,,,,tal-2026-10
b-e01069,b-acct-131,b-acct-131-l1,lab_started,2026-10-01T07:31:00Z,treatment,,,lab-synthetic-4,tal-2026-10
b-e01069,b-acct-131,b-acct-131-l1,lab_started,2026-10-01T07:31:00Z,treatment,,,lab-synthetic-4,tal-2026-10
b-e01233,b-acct-150,b-acct-150-l1,learner_invited,2026-10-01T07:46:00Z,control,,,,tal-2026-10
b-e00367,b-acct-048,b-acct-048-l2,learner_invited,2026-10-01T07:47:00Z,treatment,,,,tal-2026-10
b-e00230,b-acct-033,b-acct-033-l4,invite_accepted,2026-10-01T07:56:00Z,treatment,,,,tal-2026-10
b-e00206,b-acct-030,b-acct-030-l4,invite_accepted,2026-10-01T08:04:00Z,treatment,,,,tal-2026-10
b-e00939,b-acct-118,b-acct-118-l4,meaningful_lab_completed,2026-10-01T08:06:00Z,treatment,,,lab-synthetic-2,tal-2026-10
b-e01222,b-acct-148,b-acct-148-l1,lab_started,2026-10-01T08:26:00Z,treatment,,,lab-synthetic-6,tal-2026-10
b-e01238,b-acct-150,b-acct-150-l3,learner_invited,2026-10-01T08:52:00Z,control,,,,tal-2026-10
b-e00709,b-acct-086,b-acct-086-l2,lab_started,2026-10-01T09:03:00Z,treatment,,,lab-synthetic-2,tal-2026-10
b-e00023,b-acct-005,b-acct-005-l5,learner_invited,2026-10-01T09:41:00Z,treatment,,,,tal-2026-10
b-e00755,b-acct-093,b-acct-093-l3,learner_invited,2026-10-01T09:44:00Z,treatment,,,,tal-2026-10
b-e00020,b-acct-005,b-acct-005-l2,learner_invited,2026-10-01T10:01:00Z,treatment,,,,tal-2026-10
b-e00378,b-acct-049,b-acct-049-l2,meaningful_lab_completed,2026-09-28T09:45:00Z,treatment,,,lab-synthetic-5,tal-2026-10
b-e00152,b-acct-023,b-acct-023-l2,learner_invited,2026-10-01T10:55:00Z,control,,,,tal-2026-10
b-e00408,b-acct-052,b-acct-052-l2,meaningful_lab_completed,2026-10-01T11:00:00Z,treatment,,,lab-synthetic-1,tal-2026-10
b-e00234,b-acct-034,b-acct-034-l1,learner_invited,2026-09-29T22:59:00Z,treatment,,,,tal-2026-10
b-e00820,b-acct-101,b-acct-101-l3,learner_opted_out,2026-10-01T11:22:00Z,treatment,,,,tal-2026-10
b-e00820,b-acct-101,b-acct-101-l3,learner_opted_out,2026-10-01T11:22:00Z,treatment,,,,tal-2026-10
b-e00328,b-acct-044,b-acct-044-l2,learner_invited,2026-10-01T12:53:00Z,control,,,,tal-2026-10
b-e00751,b-acct-093,b-acct-093-l1,learner_invited,2026-10-01T12:54:00Z,treatment,,,,tal-2026-10
b-e00505,b-acct-063,b-acct-063-l2,invite_accepted,2026-10-01T13:14:00Z,treatment,,,,tal-2026-10
b-e00564,b-acct-068,b-acct-068-l1,lab_started,2026-10-01T13:19:00Z,treatment,,,lab-synthetic-6,tal-2026-10
b-e01228,b-acct-148,b-acct-148-l3,invite_accepted,2026-10-01T13:23:00Z,treatment,,,,tal-2026-10
b-e00795,b-acct-099,b-acct-099-l1,learner_invited,2026-10-01T14:43:00Z,treatment,,,,tal-2026-10
b-e00671,b-acct-083,b-acct-083-l1,invite_accepted,2026-10-01T15:10:00Z,treatment,,,,tal-2026-10
b-e00646,b-acct-077,b-acct-077-l4,meaningful_lab_completed,2026-10-01T15:20:00Z,treatment,,,lab-synthetic-3,tal-2026-10
b-e00712,b-acct-086,b-acct-086-l3,invite_accepted,2026-10-01T15:23:00Z,treatment,,,,tal-2026-10
b-e00231,b-acct-033,b-acct-033-l4,lab_started,2026-10-01T16:21:00Z,treatment,,,lab-synthetic-2,tal-2026-10
b-e01059,b-acct-130,b-acct-130-l1,lab_started,2026-10-01T16:28:00Z,control,,,lab-synthetic-1,tal-2026-10
b-e00176,b-acct-026,b-acct-026-l1,lab_started,2026-10-01T16:38:00Z,treatment,,,lab-synthetic-4,tal-2026-10
b-e00196,b-acct-029,b-acct-029-l2,learner_invited,2026-09-27T00:15:00Z,control,,,,tal-2026-10
b-e00315,b-acct-043,,plan_created,2026-10-01T17:33:00Z,treatment,,b-acct-043-generic,,tal-2026-10
b-e00678,b-acct-083,b-acct-083-l3,invite_accepted,2026-10-01T17:34:00Z,treatment,,,,tal-2026-10
b-e00760,b-acct-093,b-acct-093-l5,invite_accepted,2026-10-01T17:46:00Z,treatment,,,,tal-2026-10
b-e00672,b-acct-083,b-acct-083-l1,lab_started,2026-10-01T17:55:00Z,treatment,,,lab-synthetic-3,tal-2026-10
b-e00801,b-acct-099,b-acct-099-l3,learner_invited,2026-10-01T18:22:00Z,treatment,,,,tal-2026-10
b-e00366,b-acct-048,b-acct-048-l1,learner_invited,2026-10-01T18:35:00Z,treatment,,,,tal-2026-10
b-e01044,b-acct-128,b-acct-128-l4,meaningful_lab_completed,2026-10-01T18:38:00Z,treatment,,,lab-synthetic-3,tal-2026-10
b-e00738,b-acct-091,b-acct-091-l2,invite_accepted,2026-09-30T23:02:00Z,treatment,,,,tal-2026-10
b-e00236,b-acct-034,b-acct-034-l1,lab_started,2026-10-01T19:49:00Z,treatment,,,lab-synthetic-5,tal-2026-10
b-e00237,b-acct-034,b-acct-034-l1,meaningful_lab_completed,2026-10-01T20:38:00Z,treatment,,,lab-synthetic-5,tal-2026-10
b-e00323,b-acct-043,b-acct-043-l5,learner_invited,2026-10-01T20:57:00Z,treatment,,,,tal-2026-10
b-e00153,b-acct-023,b-acct-023-l2,invite_accepted,2026-10-01T21:08:00Z,control,,,,tal-2026-10
b-e00041,b-acct-007,,plan_created,2026-09-27T05:08:00Z,treatment,goal-incident-response,b-acct-007-proof-7d,,tal-2026-10
b-e00812,b-acct-101,b-acct-101-l1,invite_accepted,2026-10-01T21:24:00Z,treatment,,,,tal-2026-10
b-e00799,b-acct-099,b-acct-099-l2,learner_invited,2026-10-01T21:27:00Z,treatment,,,,tal-2026-10
b-e00524,b-acct-065,b-acct-065-l1,lab_started,2026-10-01T21:30:00Z,treatment,,,lab-synthetic-6,tal-2026-10
b-e01225,b-acct-148,b-acct-148-l2,lab_started,2026-10-01T21:39:00Z,treatment,,,lab-synthetic-1,tal-2026-10
b-e00805,b-acct-099,b-acct-099-l4,lab_started,2026-10-01T21:58:00Z,treatment,,,lab-synthetic-6,tal-2026-10
b-e00180,b-acct-026,b-acct-026-l2,lab_started,2026-10-01T22:00:00Z,treatment,,,lab-synthetic-4,tal-2026-10
b-e00180,b-acct-026,b-acct-026-l2,lab_started,2026-10-01T22:00:00Z,treatment,,,lab-synthetic-4,tal-2026-10
b-e00529,b-acct-065,b-acct-065-l2,meaningful_lab_completed,2026-10-01T22:18:00Z,treatment,,,lab-synthetic-2,tal-2026-10
b-e00935,b-acct-118,b-acct-118-l3,meaningful_lab_completed,2026-10-01T22:18:00Z,treatment,,,lab-synthetic-1,tal-2026-10
b-e00022,b-acct-005,b-acct-005-l4,learner_invited,2026-10-01T22:41:00Z,treatment,,,,tal-2026-10
b-e00319,b-acct-043,b-acct-043-l4,learner_invited,2026-10-01T23:29:00Z,treatment,,,,tal-2026-10
b-e00024,b-acct-005,b-acct-005-l5,invite_accepted,2026-10-01T23:33:00Z,treatment,,,,tal-2026-10
b-e00752,b-acct-093,b-acct-093-l1,invite_accepted,2026-10-01T23:54:00Z,treatment,,,,tal-2026-10
b-e00813,b-acct-101,b-acct-101-l1,lab_started,2026-10-02T00:59:00Z,treatment,,,lab-synthetic-2,tal-2026-10
b-e00318,b-acct-043,b-acct-043-l3,learner_invited,2026-10-02T01:36:00Z,treatment,,,,tal-2026-10
b-e01180,b-acct-143,b-acct-143-l2,learner_invited,2026-09-27T22:10:00Z,treatment,,,,tal-2026-10
b-e00710,b-acct-086,b-acct-086-l2,meaningful_lab_completed,2026-10-02T03:14:00Z,treatment,,,lab-synthetic-2,tal-2026-10
b-e00916,b-acct-116,b-acct-116-l2,meaningful_lab_completed,2026-10-02T03:30:00Z,treatment,,,lab-synthetic-2,tal-2026-10
b-e01241,b-acct-150,b-acct-150-l5,invite_accepted,2026-10-02T03:47:00Z,control,,,,tal-2026-10
b-e00316,b-acct-043,b-acct-043-l1,learner_invited,2026-10-02T04:17:00Z,treatment,,,,tal-2026-10
b-e00207,b-acct-030,b-acct-030-l4,lab_started,2026-10-02T05:20:00Z,treatment,,,lab-synthetic-1,tal-2026-10
b-e01229,b-acct-148,b-acct-148-l3,lab_started,2026-10-02T05:36:00Z,treatment,,,lab-synthetic-4,tal-2026-10
b-e00317,b-acct-043,b-acct-043-l2,learner_invited,2026-10-02T05:41:00Z,treatment,,,,tal-2026-10
b-e00240,b-acct-034,b-acct-034-l2,lab_started,2026-10-02T05:50:00Z,treatment,,,lab-synthetic-2,tal-2026-10
b-e00240,b-acct-034,b-acct-034-l2,lab_started,2026-10-02T05:50:00Z,treatment,,,lab-synthetic-2,tal-2026-10
b-e00156,b-acct-023,b-acct-023-l4,learner_opted_out,2026-10-02T05:53:00Z,control,,,,tal-2026-10
b-e01109,b-acct-134,b-acct-134-l2,meaningful_lab_completed,2026-10-02T06:23:00Z,treatment,,,lab-synthetic-3,tal-2026-10
b-e00329,b-acct-044,b-acct-044-l2,invite_accepted,2026-10-02T07:24:00Z,control,,,,tal-2026-10
b-e00754,b-acct-093,b-acct-093-l2,invite_accepted,2026-10-02T07:40:00Z,treatment,,,,tal-2026-10
b-e00412,b-acct-052,b-acct-052-l3,meaningful_lab_completed,2026-10-02T08:06:00Z,treatment,,,lab-synthetic-4,tal-2026-10
b-e00756,b-acct-093,b-acct-093-l3,invite_accepted,2026-10-02T08:15:00Z,treatment,,,,tal-2026-10
b-e00720,b-acct-087,b-acct-087-l4,learner_invited,2026-09-28T12:17:00Z,control,,,,tal-2026-10
b-e00816,b-acct-101,b-acct-101-l2,invite_accepted,2026-10-02T09:00:00Z,treatment,,,,tal-2026-10
b-e00800,b-acct-099,b-acct-099-l2,invite_accepted,2026-10-02T09:13:00Z,treatment,,,,tal-2026-10
b-e00438,b-acct-055,b-acct-055-l3,meaningful_lab_completed,2026-10-02T10:13:00Z,treatment,,,lab-synthetic-3,tal-2026-10
b-e00506,b-acct-063,b-acct-063-l2,lab_started,2026-10-02T14:20:00Z,treatment,,,lab-synthetic-3,tal-2026-10
b-e00327,b-acct-044,b-acct-044-l1,learner_invited,2026-10-01T01:26:00Z,control,,,,tal-2026-10
b-e00676,b-acct-083,b-acct-083-l2,lab_started,2026-10-02T14:29:00Z,treatment,,,lab-synthetic-6,tal-2026-10
b-e00713,b-acct-086,b-acct-086-l3,lab_started,2026-10-02T16:08:00Z,treatment,,,lab-synthetic-4,tal-2026-10
b-e00681,b-acct-083,b-acct-083-l5,invite_accepted,2026-10-02T16:15:00Z,treatment,,,,tal-2026-10
b-e00802,b-acct-099,b-acct-099-l3,invite_accepted,2026-10-02T17:01:00Z,treatment,,,,tal-2026-10
b-e01040,b-acct-128,b-acct-128-l3,meaningful_lab_completed,2026-10-02T18:04:00Z,treatment,,,lab-synthetic-2,tal-2026-10
b-e00596,b-acct-071,b-acct-071-l1,invite_accepted,2026-10-02T20:04:00Z,treatment,,,,tal-2026-10
b-e00189,b-acct-028,b-acct-028-l1,meaningful_lab_completed,2026-10-02T21:26:00Z,treatment,,,lab-synthetic-4,tal-2026-10
b-e00330,b-acct-044,b-acct-044-l2,lab_started,2026-10-02T21:50:00Z,control,,,lab-synthetic-5,tal-2026-10
b-e01234,b-acct-150,b-acct-150-l1,invite_accepted,2026-10-02T22:55:00Z,control,,,,tal-2026-10
b-e00796,b-acct-099,b-acct-099-l1,invite_accepted,2026-10-02T23:40:00Z,treatment,,,,tal-2026-10
b-bad-1,,b-acct-x-l1,meaningful_lab_completed,2026-09-28T10:00:00Z,treatment,,,lab-synthetic-2,tal-2026-10
b-bad-2,,,evaluation_started,2026-09-28T11:00:00Z,control,,,,tal-2026-10
b-bad-3,,,plan_created,2026-09-28T12:00:00Z,treatment,,,,tal-2026-10
b-bad-4,b-acct-950,,evaluation_started,not-a-date,control,,,,tal-2026-10
